"iteration","j","mu","sigma_2"
1,1,6.05927796738987e-05,4.17692395827331e-05
1,2,-0.00352731490801995,5.03380927905065e-05
1,3,0.0108698941916743,5.30612863190021e-05
1,4,0.00548672212054418,5.36178656092319e-05
1,5,0.00759636191580257,5.40299016323439e-05
1,6,0.0055517264185667,5.31089429012185e-05
1,7,0.00780810884939421,5.18146989334978e-05
1,8,-0.0138049709237423,5.00228291864039e-05
1,9,-0.00143216325142607,5.61892578920126e-05
1,10,0.00436469810443277,5.15356850640824e-05
1,11,0.00427400628523556,5.30531009261292e-05
1,12,-0.00440496163891672,5.06688227711018e-05
1,13,-0.0060687405025243,5.27165262440812e-05
1,14,-0.00253193052788939,5.2886788195246e-05
1,15,0.000176651567924514,5.36844357488013e-05
1,16,-0.00280717077501812,5.21829170295415e-05
1,17,0.00345664433993483,5.79813485030201e-05
1,18,-0.00091259690950027,5.1555666838345e-05
1,19,-0.0121923170377213,5.1938906321298e-05
1,20,-0.0101308446826245,5.47828852446742e-05
1,21,0.0582448959606088,5.29807355823772e-05
1,22,-0.0596060084786147,4.94322885129305e-05
1,23,0.0549473586633774,5.2475120068469e-05
1,24,-0.0522916409600147,5.41357644677209e-05
1,25,0.0524304010985818,5.47492511555448e-05
1,26,-0.0437894439216041,5.35604623270654e-05
1,27,0.0627094653724916,5.18683001432691e-05
1,28,-0.0479341922244405,5.47249427996592e-05
1,29,0.0677687653759475,5.24659034956782e-05
1,30,-0.0346597428800694,5.12244667721989e-05
1,31,0.0533355007910639,5.0554710391319e-05
1,32,-0.0584946290051675,5.72772768625069e-05
1,33,0.0390219219885316,5.34854075304229e-05
1,34,-0.0391748450665816,5.91931645268485e-05
1,35,0.0624190511558806,5.66788643610446e-05
1,36,-0.0456357709073473,5.0090153815983e-05
1,37,0.0430173983956234,5.52114311984364e-05
1,38,-0.0574750431051654,5.5117546889968e-05
1,39,0.0530757863235363,6.06585302209049e-05
1,40,-0.0457085440572989,5.0530237892036e-05
1,41,-2.37673199165763,0.00213682252047705
2,1,0.00018014469218303,4.20544877105375e-05
2,2,0.00592552825620297,5.33865827990105e-05
2,3,0.0097511446224755,5.5828676569797e-05
2,4,-0.00789422017123871,5.25226871368245e-05
2,5,0.00389455007330946,5.4273654315544e-05
2,6,0.00150534123106136,4.84807536860971e-05
2,7,-0.0152911029577273,5.57730557405997e-05
2,8,-0.015246228592881,5.28033367050447e-05
2,9,0.0019663569887692,5.11019557837854e-05
2,10,-0.00601726471532598,5.50302499061733e-05
2,11,-0.00491513411561589,5.39477912339414e-05
2,12,-0.00184750444075245,5.49654813467513e-05
2,13,0.00216852858360692,5.13275386667334e-05
2,14,0.00185982127530332,5.10892018607505e-05
2,15,-0.00235030913942996,5.77972555969924e-05
2,16,0.00210370567752125,4.99303311043604e-05
2,17,-0.00845507192722775,5.10753429702516e-05
2,18,-0.00677864857110979,5.25917921679531e-05
2,19,-0.00267068448304777,4.97372230458876e-05
2,20,-0.0109917754427739,5.60273544158284e-05
2,21,0.045130493415672,5.76792694984995e-05
2,22,-0.0483270462288163,5.37501747005026e-05
2,23,0.0628385259614804,5.099313972528e-05
2,24,-0.0541921824524087,5.5809526895344e-05
2,25,0.0512694164138403,5.83088293184824e-05
2,26,-0.0492883949756184,5.42374715771949e-05
2,27,0.0360560439328923,5.08750870261278e-05
2,28,-0.0444615140213553,5.44095128550281e-05
2,29,0.0551046827024295,5.30354611448832e-05
2,30,-0.0441709701215648,5.22191866035059e-05
2,31,0.0505186675535233,5.07104993113336e-05
2,32,-0.0540298220918164,5.32449543318869e-05
2,33,0.0567843912236216,5.20348849985782e-05
2,34,-0.0403103988232993,5.66411781342105e-05
2,35,0.0436000481013529,4.98010044502608e-05
2,36,-0.0459561693737486,5.76076600184474e-05
2,37,0.0526018360669609,5.29035688202265e-05
2,38,-0.0361771501332603,5.18401486094088e-05
2,39,0.05753564301858,5.23928857225716e-05
2,40,-0.0539222623520806,5.15094344613292e-05
2,41,-2.37333553170708,0.00213538062908069
3,1,0.0148026811665133,3.63897303466126e-05
3,2,0.00251840846269353,4.14633323265194e-05
3,3,0.00107874451083698,4.31793874033041e-05
3,4,-0.0112298851525958,4.30126942345651e-05
3,5,-0.0139356743804181,4.41161588496052e-05
3,6,-0.0048235836305558,4.30725792681499e-05
3,7,-0.0072697288934935,4.59071103664809e-05
3,8,0.00572682659001142,4.32097983842672e-05
3,9,-0.00230730033420734,4.74401757058277e-05
3,10,-0.000816974660993306,4.7383407241959e-05
3,11,-0.00269968794829108,4.42750278965363e-05
3,12,0.000333873262499795,4.1784654070711e-05
3,13,0.000738142367531923,4.49245476226661e-05
3,14,0.000822806971197679,4.26703953642322e-05
3,15,-0.00100936706602359,4.41811003706928e-05
3,16,0.000844008201844328,4.44298626554207e-05
3,17,-0.00888037203921273,4.44588713652759e-05
3,18,-0.00355307696663408,4.33192628853286e-05
3,19,0.00207850243822068,4.32119641261354e-05
3,20,0.00437596037450008,4.46909877946209e-05
3,21,0.0523098356836572,4.73316371045191e-05
3,22,-0.0503585457929509,4.7329576692665e-05
3,23,0.0485875265864604,4.26581750102965e-05
3,24,-0.056215783443125,4.56586668838934e-05
3,25,0.0410396311690868,4.6609320501874e-05
3,26,-0.0410209028378886,4.6737089056185e-05
3,27,0.0578630049613665,4.57146111571254e-05
3,28,-0.047090897586574,4.82147332207824e-05
3,29,0.0431151811748073,4.66946524638644e-05
3,30,-0.0623190378295303,4.42866858328043e-05
3,31,0.0689454527432786,4.65856544283351e-05
3,32,-0.0377408602286091,4.74142225009491e-05
3,33,0.053081170953601,4.44614167796977e-05
3,34,-0.04464560703899,4.76308938711682e-05
3,35,0.0429105689047915,4.10322864264171e-05
3,36,-0.0508613286789092,4.72973949813466e-05
3,37,0.0488889618526948,5.02435708993154e-05
3,38,-0.0594132125041746,4.49252444239334e-05
3,39,0.0444953543741622,4.43302337436067e-05
3,40,-0.0423225493332856,4.53439656633139e-05
3,41,-2.45906194818399,0.00213791098478813
4,1,0.00793670853710592,3.72600322463273e-05
4,2,-0.0125418485417715,4.5536720128295e-05
4,3,0.0203479948828117,4.75734248712564e-05
4,4,0.000791975172049097,4.73067315692501e-05
4,5,-0.00717438901234966,4.39395050673622e-05
4,6,0.00670923854036037,4.34946804229419e-05
4,7,-0.00348511404892282,4.37445291608634e-05
4,8,0.00419244066641948,4.45381164315893e-05
4,9,-0.00176848406542045,4.53397200649977e-05
4,10,0.0013799768559663,4.31729819798392e-05
4,11,0.00156523806921972,4.40402346286923e-05
4,12,0.00176578002473987,4.47507155938283e-05
4,13,0.00187743218211068,4.33134256226586e-05
4,14,-0.00134656200211796,4.58553253678867e-05
4,15,-0.00250259452185951,4.52670720849633e-05
4,16,0.00602004526828315,4.74023191457973e-05
4,17,-0.0146626912932896,4.26453762139096e-05
4,18,-0.017656652189699,4.88709425421181e-05
4,19,0.00061123037930351,4.39624797554295e-05
4,20,0.00336239913466677,4.59616928781827e-05
4,21,0.0516273542572174,4.39825794459765e-05
4,22,-0.0529437990512452,5.01341693695547e-05
4,23,0.0436098411385232,4.85955243751505e-05
4,24,-0.0613632086119036,4.92617868519542e-05
4,25,0.0499792017696825,5.13113595110297e-05
4,26,-0.0409784739251337,4.39685233168861e-05
4,27,0.0520361354598429,4.50637197130159e-05
4,28,-0.0428770072520959,4.69917658161573e-05
4,29,0.0628268303409324,4.66277093704294e-05
4,30,-0.059407752061604,4.53901439907923e-05
4,31,0.0448736752794626,4.60505146597734e-05
4,32,-0.0395556098307295,4.60670870173238e-05
4,33,0.0449215602698023,4.56786723968236e-05
4,34,-0.0525043127112477,4.4005420236385e-05
4,35,0.0608774554727705,5.18097529750916e-05
4,36,-0.0555708401233595,4.64547201474531e-05
4,37,0.060062257030113,4.99424091471756e-05
4,38,-0.0485042642438858,4.69092366260922e-05
4,39,0.0423610034540038,4.7942717424259e-05
4,40,-0.0545692750300612,4.51416817652029e-05
4,41,-2.441902529151,0.00213876582574652
5,1,-0.00378586610651786,3.81069784657629e-05
5,2,0.00936276209655756,4.67365048144797e-05
5,3,-0.00766253268329885,4.59484312690102e-05
5,4,-0.0100044439881787,4.62765273954983e-05
5,5,-0.00988845463732522,4.664943254028e-05
5,6,-0.00458202027997441,4.63464629918364e-05
5,7,0.00356933569033204,4.73849046884295e-05
5,8,-0.00560210129717925,4.71678609354926e-05
5,9,-0.00332596038936689,4.5868672506246e-05
5,10,0.00900317550679753,4.82603020887784e-05
5,11,-0.00364705273132394,4.69398308265309e-05
5,12,-0.00563911205332287,4.61136639625592e-05
5,13,0.000583840413941285,4.4405702562889e-05
5,14,0.00691859482107037,4.66408620764205e-05
5,15,0.00566690840258352,5.11276087954273e-05
5,16,-0.010867685114407,4.86117633011208e-05
5,17,0.000932902797856304,4.57767197862911e-05
5,18,0.00703439655078927,4.53015090436206e-05
5,19,-0.0025724129016405,4.67807598820397e-05
5,20,-0.00654008795872465,4.47975968569591e-05
5,21,0.0570923789112554,4.60751279963468e-05
5,22,-0.0414573695007851,5.01199300219095e-05
5,23,0.0447715495356866,4.87876455561737e-05
5,24,-0.0505694538052014,4.62413794601259e-05
5,25,0.0422516852874363,4.79931819786598e-05
5,26,-0.0622972239129613,4.3389033646181e-05
5,27,0.0586600324262739,4.75610282582107e-05
5,28,-0.0444412832288434,4.79727109400241e-05
5,29,0.0627761153883114,4.88431811850152e-05
5,30,-0.0607989032735641,4.78015011542387e-05
5,31,0.0525205626304353,4.71657715194894e-05
5,32,-0.0435728457796559,4.82660879318625e-05
5,33,0.0605641693610268,4.66805117942639e-05
5,34,-0.0611527274079263,4.62678940277873e-05
5,35,0.0410314901534086,4.9445461706504e-05
5,36,-0.0495686861241172,5.16895564751944e-05
5,37,0.0452924170367801,4.5680378423806e-05
5,38,-0.0457216061122055,4.62388157980506e-05
5,39,0.0468763575109597,4.63371631181666e-05
5,40,-0.0540831001699536,4.99522891736069e-05
5,41,-2.42503078419981,0.00213791653256138
6,1,0.00804596179248204,4.1614511117365e-05
6,2,-0.00295466421631238,4.76042879401125e-05
6,3,-0.00585444413083443,5.10921655809119e-05
6,4,-0.00212843942810558,5.37023162089216e-05
6,5,-0.00502292541114933,5.10480008110513e-05
6,6,-0.0038404867265282,5.11547076432035e-05
6,7,0.000402436614022604,5.52399599587516e-05
6,8,-0.012608852749725,5.44640556993742e-05
6,9,-0.000816534942869114,5.18586609984899e-05
6,10,-0.0062519467162269,4.72753335672763e-05
6,11,-0.0121000122280025,5.20925174861702e-05
6,12,0.00134462375705404,4.9428783852982e-05
6,13,-0.00386496894915708,5.04580489715858e-05
6,14,0.0103134557139855,4.84191799468419e-05
6,15,-0.00585993936385689,4.86984734038037e-05
6,16,-0.00153558220092907,4.97257578542509e-05
6,17,-0.0103150488649116,5.33801788304412e-05
6,18,0.00388381142318118,4.68155712106995e-05
6,19,-0.00135690507344079,5.54796477392898e-05
6,20,0.00227469339581504,5.07517044702872e-05
6,21,0.0610199142736459,5.21049826298542e-05
6,22,-0.0481236492365094,4.94571727793114e-05
6,23,0.0482907712328064,5.74746492067184e-05
6,24,-0.0518850261821935,5.37427452973597e-05
6,25,0.0510799481338319,5.08493432036402e-05
6,26,-0.0478426600395638,5.22899526369099e-05
6,27,0.0556642016598133,5.72201343182453e-05
6,28,-0.052877297323551,5.02104712305382e-05
6,29,0.0546196177367146,5.11360899952246e-05
6,30,-0.0605436662638092,4.88142995303938e-05
6,31,0.0625547600261525,4.99928981855539e-05
6,32,-0.0442432541178369,5.33883038306211e-05
6,33,0.0523163147562066,5.2297220102947e-05
6,34,-0.0555640679210303,5.3124903366404e-05
6,35,0.0484677491136932,5.34927753521631e-05
6,36,-0.0541731560659885,5.26073784191079e-05
6,37,0.0475208838691122,4.98629130653743e-05
6,38,-0.0432879211336126,5.11821871147814e-05
6,39,0.0534707783849759,5.1118926378343e-05
6,40,-0.0549757496371529,5.10093147552473e-05
6,41,-2.38621657337067,0.00213761532714839
7,1,-0.00188688538548602,3.91277115503746e-05
7,2,-0.00143804403135146,4.7399990455191e-05
7,3,-0.00488859844101293,4.69964848649259e-05
7,4,-0.0144551605844712,5.45220340092073e-05
7,5,-0.00484181191862804,5.06286840414451e-05
7,6,-0.00922900078180279,4.69803231075699e-05
7,7,0.00138323362607128,4.63284941233629e-05
7,8,0.0027426894090902,4.74031869881633e-05
7,9,-0.000266163722969348,4.62356038706075e-05
7,10,-0.00470661027853283,4.59067903384515e-05
7,11,0.00470774288755481,4.72746708356605e-05
7,12,0.00466962723300335,4.82642160569378e-05
7,13,-0.000467326704079317,4.5187902361031e-05
7,14,-0.0227320061919851,5.6276695627103e-05
7,15,0.00197626090342402,5.25082564402968e-05
7,16,0.0093361649509204,4.57410432335187e-05
7,17,0.0161159758422124,5.33612620619436e-05
7,18,0.0180544634192006,4.80641742136529e-05
7,19,-0.0207468311048638,4.95293354175198e-05
7,20,-0.00212969689721343,5.07303595998757e-05
7,21,0.0470246569612307,4.75883480047876e-05
7,22,-0.0518274121261779,4.79544801136793e-05
7,23,0.0442256001571762,5.35207339397271e-05
7,24,-0.0435148026964914,4.8259026558256e-05
7,25,0.044829207510616,4.77330769073699e-05
7,26,-0.0418953219689861,5.0148002379088e-05
7,27,0.0580267766851682,4.79338890022071e-05
7,28,-0.0559922017833504,4.75920438459998e-05
7,29,0.034624147149719,5.31120384917014e-05
7,30,-0.0530273541891344,4.88143517789405e-05
7,31,0.044702438636921,4.83613580440837e-05
7,32,-0.0471720418699319,4.56614173096605e-05
7,33,0.042640439383177,5.57543672119481e-05
7,34,-0.0318536021401716,5.21327708902948e-05
7,35,0.0297330416409236,4.99470180659628e-05
7,36,-0.049353445118269,4.76206444070146e-05
7,37,0.0490842498517092,4.92851710527858e-05
7,38,-0.0501995886972851,5.03797333242584e-05
7,39,0.0337929010274713,5.26170317416582e-05
7,40,-0.0446447456031523,5.24385012222062e-05
7,41,-2.41002559103696,0.00213520474026128
8,1,0.00425358364921983,4.343314210122e-05
8,2,-0.00342263280988678,5.29571619811467e-05
8,3,-0.000344105076588608,5.48905721136648e-05
8,4,-0.011437852342901,5.87977749970195e-05
8,5,-0.0130538241390201,5.39497811837117e-05
8,6,0.00398769325051969,5.21049614759758e-05
8,7,-0.0162182499496717,5.41488974628008e-05
8,8,0.00153586477309166,5.13674840316834e-05
8,9,0.0142520395938928,5.65004686679307e-05
8,10,-0.00382271867498763,5.66868408560547e-05
8,11,0.0079336843936078,6.07283482779898e-05
8,12,-0.00124647159988982,5.43314779691008e-05
8,13,-0.00169758081603658,5.72749973963611e-05
8,14,0.000624947719289342,4.96037312404266e-05
8,15,-0.00175359735835868,5.60465547499108e-05
8,16,-0.000736948305067937,5.30671547147741e-05
8,17,0.00227047860177728,5.29009060634536e-05
8,18,0.000151528943556914,5.12118219523058e-05
8,19,0.00533603038799254,5.55450810805396e-05
8,20,0.00615118607881595,5.24498071899354e-05
8,21,0.0473582837475599,5.55242758727181e-05
8,22,-0.0505695616400864,5.11984117954877e-05
8,23,0.0591689654560008,5.3182629797229e-05
8,24,-0.0431046050894321,5.40705846601619e-05
8,25,0.0596817014806773,5.16767629558059e-05
8,26,-0.0449747114730489,5.69754308036575e-05
8,27,0.0473556595151536,5.68753583581987e-05
8,28,-0.0610755963781113,5.75454971512841e-05
8,29,0.0449773999773414,5.21941146505883e-05
8,30,-0.0413181385984046,5.24665785994616e-05
8,31,0.064170012340621,5.63024297183814e-05
8,32,-0.042913192773443,5.40158199206387e-05
8,33,0.0597698101784172,6.06146731992092e-05
8,34,-0.0483896468687807,5.02801139494368e-05
8,35,0.0470543257797797,5.07045139717606e-05
8,36,-0.0503706795797723,5.49186739144753e-05
8,37,0.0504167898850988,5.43254542125959e-05
8,38,-0.0454539226780984,5.88460264184632e-05
8,39,0.045713377554393,5.3237222745349e-05
8,40,-0.0525252412735997,5.79767967317081e-05
8,41,-2.35985393724227,0.00213561368259124
9,1,-0.00886173815610276,4.067978520619e-05
9,2,0.00758383335727561,4.96147384890704e-05
9,3,0.0014920504691309,4.92018165866867e-05
9,4,0.00374699453780027,5.05869795824133e-05
9,5,0.000153735335918942,4.63821174000386e-05
9,6,-0.00241836580421556,4.96903968993618e-05
9,7,0.00477368298480249,4.71594653619139e-05
9,8,-0.0118924961289711,4.79790517269851e-05
9,9,-0.00393465197019075,4.97546921705559e-05
9,10,-0.00050732809240895,4.50180889261153e-05
9,11,-0.00422817472932439,4.65902730894615e-05
9,12,-0.00774586655536668,4.97202214742383e-05
9,13,0.00668740999463634,4.87546288368119e-05
9,14,-0.00251911474727034,4.9054498583572e-05
9,15,-0.00603603334746421,4.96671978489837e-05
9,16,-0.00717741846840373,4.65103548408426e-05
9,17,0.0135782207461481,4.99859185473973e-05
9,18,-0.00948634511982545,4.99548092751516e-05
9,19,0.00428840046662896,4.52147231031779e-05
9,20,0.00334739271513185,4.97036879030928e-05
9,21,0.0655972366877271,5.21709156424543e-05
9,22,-0.0513850788863694,5.11379664301664e-05
9,23,0.0500313241674954,5.23193352948436e-05
9,24,-0.0413384084784305,5.01006328532821e-05
9,25,0.0397356969418104,4.93817259193488e-05
9,26,-0.0580802441229091,4.63778599178405e-05
9,27,0.0495700070015473,4.79823590128365e-05
9,28,-0.0487140779281955,4.83185440353504e-05
9,29,0.0519441867427024,4.77951429053852e-05
9,30,-0.0412462506087346,4.67770128887577e-05
9,31,0.045850812188345,4.97467680307565e-05
9,32,-0.053344486408763,4.7836687855469e-05
9,33,0.0471362118890187,4.96007173413881e-05
9,34,-0.0534370594635107,5.06903890027845e-05
9,35,0.0596914405081044,4.89983173853212e-05
9,36,-0.0552507633413276,5.08966821838807e-05
9,37,0.0486822307370579,4.61382448117899e-05
9,38,-0.0350883654951098,5.08730566668244e-05
9,39,0.0466894795045268,4.9067673961005e-05
9,40,-0.0561652442305048,5.06896558962792e-05
9,41,-2.39868335469611,0.00213670929343034
10,1,0.00717732216228147,4.5450120090396e-05
10,2,-0.000891073181498299,5.44742730980898e-05
10,3,0.00544170647494554,5.71243987435015e-05
10,4,-0.0071728827358796,5.58857869542756e-05
10,5,-0.0105779457599604,5.28914939812117e-05
10,6,-0.00278755092668084,5.70915618711123e-05
10,7,0.0048406766084446,5.80557346227511e-05
10,8,0.00684502851395051,5.63741575758889e-05
10,9,-0.00977496874957579,5.64677944864734e-05
10,10,0.0060644983127644,5.18812707302529e-05
10,11,-0.00273166463247814,5.51901834640197e-05
10,12,-0.00130099418418218,5.58601779540756e-05
10,13,-0.00459388534773256,5.57779306746226e-05
10,14,-0.010354328359691,5.43906619844349e-05
10,15,-0.00411236971930615,5.81804212464591e-05
10,16,0.0102018431261086,5.4198088589491e-05
10,17,0.00239321659907576,5.37156621712653e-05
10,18,-0.00132319866734462,5.42014606722356e-05
10,19,0.0108129680355868,5.6784590985746e-05
10,20,-0.0121673661737995,5.93526723414603e-05
10,21,0.0529264019029867,5.4491527311363e-05
10,22,-0.0510562896295871,6.1919299109527e-05
10,23,0.0497510619000314,5.26796874620297e-05
10,24,-0.0481461225497687,5.41474280239333e-05
10,25,0.0484657651426529,5.69949755592563e-05
10,26,-0.0526795068574693,5.69320526027533e-05
10,27,0.0451672124164297,5.66139326230189e-05
10,28,-0.0515860704840035,5.98456784657865e-05
10,29,0.0484136057505927,5.53892523011985e-05
10,30,-0.0374937192173213,6.33425229579926e-05
10,31,0.0321256348169968,5.4855081765088e-05
10,32,-0.0624896993892638,5.73376044793262e-05
10,33,0.0461340441955298,5.54164654176721e-05
10,34,-0.055638608433882,5.66471136558078e-05
10,35,0.0371395647026512,5.73938486265808e-05
10,36,-0.0421640171129155,5.6593931769161e-05
10,37,0.052125711694328,5.57875485044246e-05
10,38,-0.0572872384404914,5.45870463615697e-05
10,39,0.0514620388892139,5.46240278444287e-05
10,40,-0.0451677435940062,5.64530957672416e-05
10,41,-2.34061236816239,0.00213427610704831
11,1,0.0132713503599346,3.97035951714752e-05
11,2,-0.0158648229942455,4.7135271110294e-05
11,3,0.00469999601909652,4.59755294375932e-05
11,4,0.00156683997481394,4.51768592443763e-05
11,5,0.00108265108645408,5.29234908534602e-05
11,6,-0.000391303524972265,4.69978408215471e-05
11,7,-0.000754114315669725,4.64729201172715e-05
11,8,0.00195494768893269,5.1292386438439e-05
11,9,0.00687102574156087,4.72075158630356e-05
11,10,-0.0010585664138631,4.49441530163388e-05
11,11,-0.000100016953379556,4.62256199918792e-05
11,12,-0.00455600050272422,5.10538507482097e-05
11,13,-0.00274410536492144,5.21891217009695e-05
11,14,-0.00362495671687868,4.74724648120961e-05
11,15,-0.00615585083651166,5.15451527250471e-05
11,16,0.00533012437691369,4.70793280663718e-05
11,17,-0.000572998897436677,4.5915735645289e-05
11,18,-0.0116935477028705,4.45301534246569e-05
11,19,-0.0135754015521595,4.72128770100185e-05
11,20,0.0175665859190554,4.85168167880023e-05
11,21,0.0626929929553436,5.05489614386226e-05
11,22,-0.0543105234352979,5.45368715620054e-05
11,23,0.0510728813401931,5.14662779777482e-05
11,24,-0.0419965128714507,4.94449643702172e-05
11,25,0.0707573117544539,4.65763789702813e-05
11,26,-0.0428379143030216,4.93062764619113e-05
11,27,0.0516925925565741,4.55044818733256e-05
11,28,-0.0438867300800164,4.6842950174572e-05
11,29,0.0527392172456889,5.04027717050128e-05
11,30,-0.0461596374736481,5.11509966526883e-05
11,31,0.0519270193169644,4.90000807676793e-05
11,32,-0.0540391049068557,5.09545690372463e-05
11,33,0.0657002101111785,5.05611944353566e-05
11,34,-0.0498035445466506,5.27920657309845e-05
11,35,0.0490448613844005,4.82792151220867e-05
11,36,-0.0407436065327154,5.14647446095987e-05
11,37,0.0512181921926034,5.14643380848947e-05
11,38,-0.0549594092631903,5.62767040146387e-05
11,39,0.0455514465245907,4.96291770810444e-05
11,40,-0.0354792189232809,5.05093846407213e-05
11,41,-2.41465143337397,0.00213794411247706
12,1,0.00823295788885075,4.14249779859486e-05
12,2,0.0081723255386263,5.37494134445225e-05
12,3,-0.00175589751804678,4.81556162449471e-05
12,4,-0.00308293259720824,5.58093716895215e-05
12,5,-0.00191374226571794,5.22403346164586e-05
12,6,-0.0149755761425506,5.53055781630403e-05
12,7,-7.29253301662983e-05,5.32610440389106e-05
12,8,0.00786267700447362,5.2303082129209e-05
12,9,-0.0147210456742903,5.62674087305878e-05
12,10,0.0034105046919682,5.30509004154635e-05
12,11,0.0121411874288332,5.21598631042261e-05
12,12,0.0103097780138454,5.49831130770185e-05
12,13,-0.00630667446763594,5.07813773315833e-05
12,14,-0.00028227641756479,5.07933474374721e-05
12,15,0.00543502763480972,4.83279333017605e-05
12,16,-0.000704468449102024,4.66857050294227e-05
12,17,-0.0157411836933445,5.54694121959593e-05
12,18,-0.00763633045974975,5.33652074019654e-05
12,19,-0.000613353892976039,5.54564710350483e-05
12,20,-0.00520474231424253,5.13298567531395e-05
12,21,0.0534400685005899,5.22272883820408e-05
12,22,-0.0416229551949451,4.90294310336464e-05
12,23,0.0529551730656414,5.26993140763002e-05
12,24,-0.0524211142406443,5.30728755043561e-05
12,25,0.0397760414213529,5.93819877813125e-05
12,26,-0.0475231421685581,5.69902002329397e-05
12,27,0.053818246050925,5.30233618391076e-05
12,28,-0.0461261182536227,5.67115536482436e-05
12,29,0.0491629188517692,5.91977280505868e-05
12,30,-0.0486261304283692,5.30997202547436e-05
12,31,0.0478998997777845,5.49145016225417e-05
12,32,-0.0495107159138642,5.20336379913955e-05
12,33,0.0499726366964203,6.06704755197599e-05
12,34,-0.0536207851069671,5.38426861243827e-05
12,35,0.0416139451799022,5.01410933071472e-05
12,36,-0.0435251701702491,5.82394914618283e-05
12,37,0.0422097959149761,5.12374329317615e-05
12,38,-0.0576647111484218,5.49782330193635e-05
12,39,0.0477943794062881,4.97434727341695e-05
12,40,-0.0408035682445891,5.50166772006545e-05
12,41,-2.38875682162474,0.00213591437825895
13,1,-0.00682826186926743,3.11154638510382e-05
13,2,0.00657705708462803,3.70656148523068e-05
13,3,0.00191495702593861,3.58645116397924e-05
13,4,0.00627781745981209,3.8766577102768e-05
13,5,-0.00956252477911201,3.89005474165158e-05
13,6,-0.00782294381872642,3.8724893761839e-05
13,7,0.00165942020731875,3.6320439185024e-05
13,8,0.00261288249544736,3.66486786644794e-05
13,9,-0.00357004063449895,3.96045329312719e-05
13,10,0.00314705665066331,3.63903599444706e-05
13,11,0.0081264104898313,4.39252436987259e-05
13,12,-0.00433465414526304,3.66639339239673e-05
13,13,-7.74582001053468e-05,3.93535473369243e-05
13,14,0.00376241503805255,3.73983040677974e-05
13,15,0.0226636583172563,4.15497418954832e-05
13,16,0.00227026010266545,3.81086143927132e-05
13,17,0.00287165333077043,3.6961699684047e-05
13,18,-0.00234477523499385,4.11163566360298e-05
13,19,0.0175132758494412,3.99350884748246e-05
13,20,0.00570385375761026,3.67648208814267e-05
13,21,0.0379944095926817,4.23083872243965e-05
13,22,-0.0466179617195872,3.9922384405445e-05
13,23,0.0381837375661549,3.89726478187282e-05
13,24,-0.0536329907278056,3.7207647246449e-05
13,25,0.0582811788621267,3.74097343654766e-05
13,26,-0.0389783782072539,3.90023993875831e-05
13,27,0.0516078160044193,3.78452134398671e-05
13,28,-0.0659629736272168,3.98101221678092e-05
13,29,0.0332536150402239,3.71752268162347e-05
13,30,-0.0640908600522843,3.92238828105684e-05
13,31,0.050021821076909,4.37363705876867e-05
13,32,-0.053411814180071,3.8836249305759e-05
13,33,0.0409796698618229,4.11909921877938e-05
13,34,-0.0479619806149842,3.81248034314007e-05
13,35,0.0507070666744085,3.82874482849583e-05
13,36,-0.0587560940418887,3.67099707031097e-05
13,37,0.047440440246849,4.27824384358628e-05
13,38,-0.0550254309848088,3.81022573057599e-05
13,39,0.0634324373994596,4.0190667486808e-05
13,40,-0.0390975186722914,3.89270073663751e-05
13,41,-2.53139802014485,0.0021408640783402
14,1,0.0086416883119217,4.17479682526578e-05
14,2,0.00622173579467309,5.51898209181818e-05
14,3,-0.00608628907505168,5.08651950249534e-05
14,4,0.0123550060558501,5.43919751486251e-05
14,5,0.0176029630492349,5.11998977375598e-05
14,6,0.0159338518346839,5.32643461732838e-05
14,7,0.00593150742239232,5.172807680711e-05
14,8,0.00218271194978904,5.18909069855695e-05
14,9,-0.0124201873723036,4.88263471835108e-05
14,10,0.00746208995060151,5.18127413561093e-05
14,11,0.0155473853311904,5.00324432103179e-05
14,12,0.00164155092659212,5.04292753792823e-05
14,13,-0.00997353553275573,5.21854646756906e-05
14,14,0.00646008236933201,4.8901824260972e-05
14,15,0.00840221374674244,5.0210865248138e-05
14,16,0.0187183825923943,5.10470031073037e-05
14,17,0.00786061040203551,4.71831995297516e-05
14,18,-0.00134997606773319,4.8907428203169e-05
14,19,0.00276637313327862,4.98581886101069e-05
14,20,-0.00802336301541373,5.11750039617082e-05
14,21,0.0534376669027629,4.98087924170238e-05
14,22,-0.0595302774213236,5.29814550889635e-05
14,23,0.0500864504695949,4.97212918927904e-05
14,24,-0.0560746504705223,5.02703415128933e-05
14,25,0.0495606802274919,5.43655711102987e-05
14,26,-0.0543892773553873,4.68228559103604e-05
14,27,0.055129719176449,4.97961897156249e-05
14,28,-0.0543437644997249,5.35089967400867e-05
14,29,0.0546441336384465,5.06503266192331e-05
14,30,-0.0343414803026342,5.27306153677892e-05
14,31,0.0444736742218764,4.88458821083369e-05
14,32,-0.0420781586286945,5.15051628566898e-05
14,33,0.0442330342176927,5.19909133824266e-05
14,34,-0.033915354685535,5.23481769385458e-05
14,35,0.0343857673826037,5.13654126068392e-05
14,36,-0.0559558910620227,5.31327886069306e-05
14,37,0.0557604616047927,5.08291426656226e-05
14,38,-0.0554626016524133,5.21814946672705e-05
14,39,0.0515385154768875,5.35155901579686e-05
14,40,-0.0560748346568203,5.56588911779039e-05
14,41,-2.38532999967011,0.00213761008501368
15,1,-0.00785331274657137,3.37454584679087e-05
15,2,0.0117906412020478,4.50563029400913e-05
15,3,-0.000310042389624598,3.94699317932305e-05
15,4,-0.00574137448495573,4.23773099133195e-05
15,5,-0.0161311867757995,4.02956335640105e-05
15,6,0.000392117036755508,3.9557875079333e-05
15,7,0.00884408750005763,4.26669404483753e-05
15,8,0.0016559998798314,4.42479657407234e-05
15,9,-1.06780201807162e-05,4.10705373704037e-05
15,10,-0.00101363718514524,3.98660788390457e-05
15,11,0.00666794356034314,3.99606285096124e-05
15,12,-0.00477380230636341,3.89011068628798e-05
15,13,0.00914861259797145,4.33356967495085e-05
15,14,-0.00489949926727227,4.1358917286203e-05
15,15,-0.00182776163145047,3.83706341345091e-05
15,16,0.0150736187006541,3.98619603406044e-05
15,17,0.00139507717153637,4.33789718724733e-05
15,18,-0.00279966452915818,4.19359811088793e-05
15,19,0.00467728030198593,3.9206603053072e-05
15,20,0.00252239580886632,4.00121245731777e-05
15,21,0.0556981407372325,4.31762657158793e-05
15,22,-0.045706398275498,4.41744218455228e-05
15,23,0.0465572855924965,4.29708311808108e-05
15,24,-0.0588696524861373,4.51644573409008e-05
15,25,0.0518169274417511,4.78304805916948e-05
15,26,-0.0441897082869958,4.29215559258673e-05
15,27,0.0484601567947481,4.18371138493779e-05
15,28,-0.0570342968887852,4.43855082001082e-05
15,29,0.0345449132744291,4.27887916255613e-05
15,30,-0.0680123068704602,4.64288300519932e-05
15,31,0.0453254013366622,4.28390571721177e-05
15,32,-0.0433112151040148,4.53454173284157e-05
15,33,0.0441646622308925,4.14265044451546e-05
15,34,-0.0471604457030748,4.01679824240248e-05
15,35,0.0467989345301296,4.43365903692702e-05
15,36,-0.0570377331900898,4.03204595726664e-05
15,37,0.0507163368106681,4.43850831396756e-05
15,38,-0.0524186089917563,4.08644410440642e-05
15,39,0.0442788994064871,4.54291708614348e-05
15,40,-0.0572111770147026,4.23349842420573e-05
15,41,-2.49184053990449,0.00213927778001823
16,1,-0.00655220619863757,4.30854436149373e-05
16,2,-0.00792620001888215,5.14110507318027e-05
16,3,0.00874898605999619,5.68359183486489e-05
16,4,-0.012638828456974,5.08689742073379e-05
16,5,-0.00296699699795982,5.31700007744687e-05
16,6,0.00505225075600409,4.99623763216636e-05
16,7,0.000375454519571068,4.96678955733558e-05
16,8,-0.0138834870655313,5.31375547519933e-05
16,9,-0.00571329409568791,5.41053158332056e-05
16,10,-0.00795552273235018,4.96479239533648e-05
16,11,0.00601745774124696,5.40915498933666e-05
16,12,0.00782534793303035,5.21054607374411e-05
16,13,-0.00536226485218181,5.36050301119783e-05
16,14,0.00379650998076402,4.9679425230155e-05
16,15,0.00557437553963599,5.4436737702114e-05
16,16,0.00431677118644693,5.18854203023113e-05
16,17,0.00138177268680447,5.13742021846669e-05
16,18,0.00202057928746097,5.42877384973696e-05
16,19,-0.00889017184717283,5.13942424302557e-05
16,20,0.0144953494366808,5.55897654103041e-05
16,21,0.0594914292991631,5.4345035912603e-05
16,22,-0.0429592236878747,5.24611606436227e-05
16,23,0.0405611659847735,5.55692318205835e-05
16,24,-0.0409719511125843,5.25865463811004e-05
16,25,0.0463390462804905,5.1479965107448e-05
16,26,-0.04038703095641,5.21733597158841e-05
16,27,0.0427250876690147,5.19455193029401e-05
16,28,-0.0450116086445973,5.39483348246422e-05
16,29,0.0569713175881937,5.44188514890566e-05
16,30,-0.0565797517070975,5.40511509962923e-05
16,31,0.0563827971527488,5.41045632849521e-05
16,32,-0.0441538132682835,5.35535307231339e-05
16,33,0.045074559228289,5.42361493477609e-05
16,34,-0.0541438818291335,5.24097739937942e-05
16,35,0.0446150438885469,5.42481882612148e-05
16,36,-0.0392650021884868,5.33772642199855e-05
16,37,0.0514890933392337,4.9994804877812e-05
16,38,-0.040314093719175,5.09572454273501e-05
16,39,0.0520665740171943,5.28226512764282e-05
16,40,-0.0520409366044089,5.34171385464361e-05
16,41,-2.36669891826683,0.00213506659069388
17,1,0.0039452747628887,4.6588976148354e-05
17,2,0.00228692964947695,5.8240953171756e-05
17,3,-0.0134235994557594,5.59873726170472e-05
17,4,0.00241839669738047,5.73178557937139e-05
17,5,0.00214325134639278,5.35583222022296e-05
17,6,0.00459955268039777,5.76267288945557e-05
17,7,-0.00856733787442013,5.49957433573288e-05
17,8,-0.00244685788336755,5.99951494197128e-05
17,9,-0.00615384764327295,5.94618976059878e-05
17,10,0.00229379770457565,6.33279656134733e-05
17,11,0.00554464949002763,5.26424834481141e-05
17,12,-0.00025319759783299,5.57500968893219e-05
17,13,-0.00898431801469604,5.59883352528407e-05
17,14,0.00605894760296774,5.73788464582017e-05
17,15,-0.00511029621711665,5.85666049104334e-05
17,16,-0.00425427094685963,5.84076385805464e-05
17,17,0.00415893975975882,5.56465881003712e-05
17,18,-0.00245836563073272,5.80476295594226e-05
17,19,-0.00188958359949643,6.1465857217998e-05
17,20,0.00136013419003368,5.81892149527758e-05
17,21,0.0465880557227897,6.0656022571147e-05
17,22,-0.0456681214473731,5.64166893203129e-05
17,23,0.0528325167194816,5.64727737549373e-05
17,24,-0.0442044582393418,5.66212768078174e-05
17,25,0.0481488742025363,5.63323999433934e-05
17,26,-0.0444685476684239,6.14744641132397e-05
17,27,0.0534919264251452,5.87052211392342e-05
17,28,-0.0402148110648517,5.660394088939e-05
17,29,0.0564725138657934,5.78760124914357e-05
17,30,-0.0391365928453817,5.37509980113414e-05
17,31,0.0501651610482878,5.732881565791e-05
17,32,-0.0531832230912087,6.2380913011013e-05
17,33,0.0532071429899323,5.47273376158639e-05
17,34,-0.0481408091755955,6.05133300015044e-05
17,35,0.0604345067301781,5.83673255563585e-05
17,36,-0.0548019928999461,6.50864189232835e-05
17,37,0.0517817843576821,5.77993258185688e-05
17,38,-0.0595610451839981,6.17051246515901e-05
17,39,0.0491989053239214,5.99034957675209e-05
17,40,-0.0467352811891958,5.6736476647381e-05
17,41,-2.32430175427092,0.00213403227536503
18,1,-0.0102023534425445,4.3194614942576e-05
18,2,0.00331822678111824,5.02378561575339e-05
18,3,0.00242572612725645,5.41763135580201e-05
18,4,0.00124340785158273,5.53456030411722e-05
18,5,0.00959844430075615,4.77000161975098e-05
18,6,-0.0048599172084769,4.91445811897004e-05
18,7,-0.00543903605221273,5.14427764928487e-05
18,8,2.85145684278635e-05,4.95303350567476e-05
18,9,0.00860984354737848,5.36873440998329e-05
18,10,0.000135971017214326,5.15521991585852e-05
18,11,0.000482524673864155,5.45492227787374e-05
18,12,0.00135072835536053,5.15055982076521e-05
18,13,-0.00842944587160244,5.02591895122957e-05
18,14,-0.00523731449597434,5.0455243682334e-05
18,15,-0.00835005695557055,5.12849079621302e-05
18,16,-0.0163497672036224,5.02531858362291e-05
18,17,0.00665704782456822,5.34650210495659e-05
18,18,0.00388224390434331,5.25403203780961e-05
18,19,0.00461610576564073,5.51430211391234e-05
18,20,0.00223131029206614,5.2672580361012e-05
18,21,0.0387905226924823,5.39823660796812e-05
18,22,-0.0583757459814365,4.89365401681445e-05
18,23,0.0433188661207078,5.12668356358295e-05
18,24,-0.0481090896276126,5.326946754229e-05
18,25,0.0568720382899445,5.21114881953127e-05
18,26,-0.0578637263112946,5.5125020595126e-05
18,27,0.0499665240218644,4.97091087349388e-05
18,28,-0.0600001947681555,5.2579484664873e-05
18,29,0.0618761432388928,5.17754971377334e-05
18,30,-0.0538393545752085,5.360978325255e-05
18,31,0.0556115559429795,5.45403774904582e-05
18,32,-0.0453158871761732,5.52620338776288e-05
18,33,0.040765355555484,5.28581328940939e-05
18,34,-0.0602800584970173,5.41643675326148e-05
18,35,0.0440233905276749,5.0581946507195e-05
18,36,-0.0509489750259221,5.19082025886224e-05
18,37,0.0503756445594871,5.47623195473088e-05
18,38,-0.0370420138736754,5.25028623349991e-05
18,39,0.0417986998574568,5.48316747994943e-05
18,40,-0.0592203981735941,5.43515156974516e-05
18,41,-2.36983464615286,0.0021360838801169
19,1,-0.0143056902405284,4.65703017126699e-05
19,2,-0.00622741825484774,5.19120748310953e-05
19,3,-0.005906455662752,5.60989016306375e-05
19,4,-0.000744796992000678,5.68535395200368e-05
19,5,0.00238841813656019,5.52600168898003e-05
19,6,0.00565383118936322,5.73037518938227e-05
19,7,-0.00129451681642448,5.7913234505581e-05
19,8,0.00157196009069727,5.53782209741817e-05
19,9,-0.00274925649234872,5.82906354719765e-05
19,10,-0.00221947357750515,5.96254615068465e-05
19,11,-0.0054809139060928,5.5285892007931e-05
19,12,-0.00425433664996684,5.92337343628679e-05
19,13,0.00243446062209737,5.33611054270823e-05
19,14,-0.00147333739424401,5.5930460468468e-05
19,15,0.0124583482112218,5.88974463696066e-05
19,16,-0.00857279056546553,5.3203978498403e-05
19,17,-0.0112520735386648,6.46597931513759e-05
19,18,-0.00223491936555615,5.92519095346602e-05
19,19,0.0125394983132282,5.69654135590426e-05
19,20,-0.0120156788945948,5.55537017435471e-05
19,21,0.0553665445625442,5.89940010796246e-05
19,22,-0.0372157847941147,5.55504165568951e-05
19,23,0.0464269214107397,5.70543743662957e-05
19,24,-0.0568825849860929,5.74195019741776e-05
19,25,0.0478580070398215,5.86234002854044e-05
19,26,-0.0581236224979078,6.1920610564089e-05
19,27,0.0666115259285445,5.66430512849873e-05
19,28,-0.0583462994848918,5.71387937925203e-05
19,29,0.0491967966052186,5.85716178764633e-05
19,30,-0.0421339252729397,6.20371816869297e-05
19,31,0.0434472123821681,5.57771073611602e-05
19,32,-0.0452054311257852,6.07664708552609e-05
19,33,0.0382895472142752,5.43592639766661e-05
19,34,-0.0532006344793178,5.90416153719642e-05
19,35,0.0529281530821047,6.37107355047452e-05
19,36,-0.0641472103977885,5.83225306363997e-05
19,37,0.0617068641450247,5.86409599271163e-05
19,38,-0.0373400975193794,5.50780416307805e-05
19,39,0.0410317714126575,5.58425650040486e-05
19,40,-0.0364640649932365,6.19929949056922e-05
19,41,-2.33486154110842,0.00213467648455543
20,1,-0.00215932704843701,4.69116208354311e-05
20,2,-0.0077184144490796,5.74633705446169e-05
20,3,0.00765341400992851,5.92420849105776e-05
20,4,0.000332387740105502,5.54241193767907e-05
20,5,-0.00536486369506097,5.80889462392873e-05
20,6,0.00245587082836217,5.85067869886619e-05
20,7,0.00387748384298789,5.397207204499e-05
20,8,0.010393137385145,5.99721181560003e-05
20,9,-0.00436944861160414,5.7123871078297e-05
20,10,0.00139604555356558,5.31478221199912e-05
20,11,-0.00240292324053875,5.31512466983305e-05
20,12,0.00724491943159879,5.63662060089319e-05
20,13,-0.0169968580068674,5.70914239665048e-05
20,14,0.00100606477037905,5.77398656704084e-05
20,15,0.00712643261788384,5.89037152127725e-05
20,16,0.00210201174123287,5.79244199892278e-05
20,17,-0.00745606503230992,5.40597064981997e-05
20,18,0.0133551577124838,5.93811775341018e-05
20,19,-0.00581104529231424,5.88969203120942e-05
20,20,-0.00330555070885498,5.60580579581228e-05
20,21,0.0563164436451006,5.80594972892697e-05
20,22,-0.0565824280071974,5.87390404558693e-05
20,23,0.0422347034145089,5.95397994603522e-05
20,24,-0.0448347365789079,6.09168279888318e-05
20,25,0.055539153512456,5.5396785575416e-05
20,26,-0.0541900329703755,5.69706249053806e-05
20,27,0.049050162838108,5.7399445208458e-05
20,28,-0.042503441151944,5.58117738751659e-05
20,29,0.0438717966188472,5.70481644010737e-05
20,30,-0.0474513762589803,5.81263759150843e-05
20,31,0.063822889045718,6.19618537134739e-05
20,32,-0.0494013313475755,5.64443309178655e-05
20,33,0.0668129411863797,5.92034194614173e-05
20,34,-0.0578066882371578,5.41620159150624e-05
20,35,0.0536115662802983,6.29550960750692e-05
20,36,-0.0560254094825904,5.72247025187245e-05
20,37,0.0416237725380289,5.75058860029967e-05
20,38,-0.0628213062218605,5.94946084544401e-05
20,39,0.051035239007555,5.95745630741205e-05
20,40,-0.0516646540986386,5.81410132741908e-05
20,41,-2.3193637686448,0.00213575600164201
21,1,0.00720869954631576,3.64656953857592e-05
21,2,-0.000648444795412537,4.31048369916391e-05
21,3,0.0173206435789656,4.60503532525705e-05
21,4,0.00128598334869402,4.43159125174009e-05
21,5,0.0122145911473247,4.82582074359881e-05
21,6,-0.012059822686245,4.84218121307174e-05
21,7,-0.0111337775779681,4.78690643732998e-05
21,8,5.18958913909217e-05,4.33411666540666e-05
21,9,0.012519491002068,4.3939306616069e-05
21,10,-0.00301563168443299,4.54685638145937e-05
21,11,-0.00560334692497034,4.29214547302114e-05
21,12,-0.00689439745671101,4.81136733465912e-05
21,13,-0.00484571914928592,4.64650445424662e-05
21,14,-0.00350923696460663,4.37969326053053e-05
21,15,0.00157415763908076,4.23739795450386e-05
21,16,0.00307861058033289,4.45899624991813e-05
21,17,0.000969769056163863,4.8530931667377e-05
21,18,-0.000435106672425522,4.40990109465644e-05
21,19,-0.0100282325253861,4.71853114821601e-05
21,20,-0.00818273424819845,4.31549944050978e-05
21,21,0.0412635345715038,4.64148374058233e-05
21,22,-0.0390627970776476,4.36769829928284e-05
21,23,0.0459897189942455,4.49540446397714e-05
21,24,-0.0538890403333378,4.27919427500486e-05
21,25,0.0556900406790013,4.54018045056542e-05
21,26,-0.0437150183639599,4.17054455776378e-05
21,27,0.0470034817177402,4.51564081950086e-05
21,28,-0.0534586180783219,4.50958536865328e-05
21,29,0.0620110882736789,4.46510589994874e-05
21,30,-0.0462738315586471,4.70671170493067e-05
21,31,0.046075087596364,4.54312076166e-05
21,32,-0.0472620624053853,4.38690239200056e-05
21,33,0.0481859012840173,4.54169168558795e-05
21,34,-0.0503164852725871,4.7878628687974e-05
21,35,0.0425990894934641,4.38682666136376e-05
21,36,-0.0526058146259781,4.48460198262408e-05
21,37,0.0367576236143172,4.27311603174173e-05
21,38,-0.0423519646961691,4.75558591181503e-05
21,39,0.0517754502917055,4.353467910027e-05
21,40,-0.0451731425686578,4.58073862926174e-05
21,41,-2.45181804256033,0.00213745773191915
22,1,0.00454656619702986,4.21508380431898e-05
22,2,-0.0107434447870594,5.13834138073474e-05
22,3,0.00389343493989097,5.1813327392895e-05
22,4,-0.00908874743037415,5.17649294538108e-05
22,5,0.0107012325186032,4.91636542831437e-05
22,6,0.0102788919002097,5.13708981270982e-05
22,7,0.00692481932873221,5.32814725417116e-05
22,8,-0.00474781921309292,4.7751105910881e-05
22,9,0.000180612195139542,5.2292567338132e-05
22,10,0.00351283303538702,5.33747228706489e-05
22,11,0.00159069105318005,5.20977197028799e-05
22,12,0.003595315481219,4.97974770093253e-05
22,13,0.00174684033020764,5.39056621486138e-05
22,14,0.00377923719796591,5.22467078627176e-05
22,15,-0.00635071976953863,5.47156274458295e-05
22,16,-0.00116930718072654,5.3224209732161e-05
22,17,-0.0084864056477957,5.13601979642041e-05
22,18,-0.00724860388302239,5.05751015702129e-05
22,19,0.00757668073388942,5.70151236834673e-05
22,20,-0.00592763831361787,4.96558673036365e-05
22,21,0.0547168755565573,5.35756606590791e-05
22,22,-0.0354276533940203,5.68559569427491e-05
22,23,0.0511767699923961,5.11664610196733e-05
22,24,-0.0509206003025426,5.18295793297878e-05
22,25,0.0472602309951917,5.16006941567666e-05
22,26,-0.0526486513994539,6.07098678010544e-05
22,27,0.0528625491773501,5.52698324801948e-05
22,28,-0.0467466646168561,5.43950067642835e-05
22,29,0.049984205027288,5.72050337322826e-05
22,30,-0.0401923519997846,5.30304226107387e-05
22,31,0.0487126608025757,5.91430604825944e-05
22,32,-0.0432205681802128,5.69951708608797e-05
22,33,0.0523571834360547,5.6992254429566e-05
22,34,-0.0458760580671862,5.39610550263748e-05
22,35,0.0448040803710664,5.290867629164e-05
22,36,-0.0546042760682448,5.59994179252475e-05
22,37,0.0544523266999302,5.42704797492811e-05
22,38,-0.0522655579938037,5.44354003910761e-05
22,39,0.0570025347378021,5.168440142563e-05
22,40,-0.049409183029054,5.47815786913849e-05
22,41,-2.37525405914517,0.00213521518232577
23,1,-0.00872795248017831,4.15556136124908e-05
23,2,-0.00200822226557912,5.02937201904451e-05
23,3,-0.00122606664508804,5.13359269963388e-05
23,4,-0.00381964283528926,5.59952787733984e-05
23,5,0.000114612267188973,5.04187255355302e-05
23,6,-0.00951650161968748,5.69051492723747e-05
23,7,0.017673281118431,5.08186272731352e-05
23,8,-0.00975237242705048,5.16382774324564e-05
23,9,0.0123002860816343,5.36061064837948e-05
23,10,0.00113840781988096,4.98121931127586e-05
23,11,0.00126536512532519,5.16996832597581e-05
23,12,-0.00441830203280425,5.444101427613e-05
23,13,-0.0123440046529882,4.93361769316611e-05
23,14,0.0028805409299488,5.02395940962348e-05
23,15,-0.00107972391255082,5.05218784745261e-05
23,16,-0.0110103891080243,5.08271486197161e-05
23,17,0.0105969629064265,4.93376515695287e-05
23,18,0.00382523610170135,5.00352273509585e-05
23,19,0.0030925967115156,4.95946368630531e-05
23,20,-0.0052434237740103,5.26580666957667e-05
23,21,0.0496381441071974,5.06277609152089e-05
23,22,-0.0435470201580118,5.02855956868804e-05
23,23,0.0489193441044515,5.96128681570002e-05
23,24,-0.0377655110589296,5.20033826933042e-05
23,25,0.0512833137914978,5.13766059146508e-05
23,26,-0.0454074130010043,5.28769134690969e-05
23,27,0.0579275676593844,5.43533317722549e-05
23,28,-0.0345457634852436,5.65092061389808e-05
23,29,0.0572072637593906,5.31229723204304e-05
23,30,-0.0544890922663995,5.33567965482405e-05
23,31,0.055076579903273,5.10311179869139e-05
23,32,-0.0592924863875145,5.40502538662518e-05
23,33,0.0481123125440187,5.68557773215534e-05
23,34,-0.0390711330044772,5.28150881418044e-05
23,35,0.0502324416489611,5.10115406621767e-05
23,36,-0.0487938709962544,5.34818391615519e-05
23,37,0.0482822477518697,5.00777385287916e-05
23,38,-0.0548064100802332,5.89984703622672e-05
23,39,0.0556331524846283,5.72526131612941e-05
23,40,-0.0540311562160365,5.04075080648564e-05
23,41,-2.38776530234171,0.00213649394606424
24,1,0.00451153406222431,3.43765713326415e-05
24,2,-0.00561853896974887,4.52607492542934e-05
24,3,-0.00695952192654959,4.26517038728562e-05
24,4,-0.0130306050299915,4.05333684098699e-05
24,5,-0.0130214677118627,4.23582543155308e-05
24,6,0.00182757465510976,4.14685032121137e-05
24,7,-0.00412051628047882,4.14642279117505e-05
24,8,0.00786566743013179,4.13476946478155e-05
24,9,-0.00541827655901672,4.07904551988059e-05
24,10,-0.0133195076772688,4.11727307179401e-05
24,11,0.00854749439824,4.12291629915515e-05
24,12,0.0031903930035361,4.8269609090468e-05
24,13,-0.000241455178109788,4.55770442899979e-05
24,14,0.00934449492206532,4.40009259908709e-05
24,15,-0.0117096687916652,4.39605263690523e-05
24,16,-0.00359208697115838,4.04725699572861e-05
24,17,0.00403583219281425,4.37925192886651e-05
24,18,-0.00967930396984964,4.53665894962931e-05
24,19,0.00732180069736403,3.8576942522916e-05
24,20,0.000822526436543149,4.19456586516606e-05
24,21,0.062403231520554,4.21399027835819e-05
24,22,-0.0419211981948325,4.26646048739238e-05
24,23,0.0478532444483126,4.38781663075588e-05
24,24,-0.0627837319919822,4.95412591047573e-05
24,25,0.0532857135753099,4.19755172708161e-05
24,26,-0.0620042538441944,4.5179567578565e-05
24,27,0.055771162171672,4.56895438823057e-05
24,28,-0.0452686441949434,4.00459563669231e-05
24,29,0.0559110186889682,4.36191291259432e-05
24,30,-0.0608282565024609,4.44690818081371e-05
24,31,0.0467558001931081,4.25879480335451e-05
24,32,-0.0446322490357959,4.16809637326419e-05
24,33,0.0471653414541008,4.42213100067192e-05
24,34,-0.0471879351089818,4.21507878842087e-05
24,35,0.0623890732103557,4.42144693574674e-05
24,36,-0.0477292499262328,4.28371349567034e-05
24,37,0.054714377113401,4.50979371549417e-05
24,38,-0.051493548167889,4.23569307098527e-05
24,39,0.049783774385722,4.45515136130958e-05
24,40,-0.0569912021501385,4.51955006544234e-05
24,41,-2.47773724813595,0.00214094844456077
25,1,0.00621913522515373,4.66542316242966e-05
25,2,5.00982351360531e-05,5.55816561812134e-05
25,3,-0.0131661616837326,5.6530768960189e-05
25,4,0.0179597878636185,6.28705457369856e-05
25,5,-0.0153440100666636,5.84612994939363e-05
25,6,-0.00792812748732863,5.38402029354671e-05
25,7,0.00970342664814356,6.35813346328927e-05
25,8,0.00843006756165222,5.72902780221882e-05
25,9,0.00293348633435123,5.13394091715192e-05
25,10,-0.00973166495260765,5.56206935837519e-05
25,11,-0.00170721663966483,5.6801273302823e-05
25,12,0.00388505665640681,5.67100433161854e-05
25,13,-0.0188585573915478,5.8561168466656e-05
25,14,-0.0163781120198878,6.335610447573e-05
25,15,0.00449631484380033,5.33500693008674e-05
25,16,0.012489749401455,6.54343695305001e-05
25,17,0.00615198201647887,5.06462085932056e-05
25,18,-0.00536179861044163,5.49718313385715e-05
25,19,-0.00645118610576943,5.9334192947336e-05
25,20,0.0150777423781109,6.80564501566461e-05
25,21,0.0535058060458082,5.46853417232969e-05
25,22,-0.0425694657891351,5.78394739850783e-05
25,23,0.0261519857728934,5.9877005837694e-05
25,24,-0.0311358937881414,6.05371994204532e-05
25,25,0.0480031437812098,5.82496487381228e-05
25,26,-0.0580226414573516,5.68365844815206e-05
25,27,0.0513160066232552,5.93986596270748e-05
25,28,-0.052570730477579,6.35943432495975e-05
25,29,0.0400709971735643,5.98389634193332e-05
25,30,-0.0586705261981899,5.75839735011067e-05
25,31,0.0469214819197271,5.80539844820766e-05
25,32,-0.0587416084420848,5.90226685715444e-05
25,33,0.0649292067651735,5.84186920094163e-05
25,34,-0.0437439276866471,6.46844949043504e-05
25,35,0.040649021438984,6.18008583001395e-05
25,36,-0.0554356460673961,6.46874044743112e-05
25,37,0.0397911906037755,5.71074225969937e-05
25,38,-0.0521825796527734,5.80110759563685e-05
25,39,0.0437686091799397,5.41646432266074e-05
25,40,-0.0577587016697652,5.47732920682388e-05
25,41,-2.32622180539451,0.00213516472413524
26,1,0.00545099822020489,3.4011847175164e-05
26,2,-0.00940416369109652,4.35898395284635e-05
26,3,-0.00639715456932147,4.37614670122744e-05
26,4,0.00180792959963684,4.54454572576148e-05
26,5,-0.00333656702056637,4.18634477462907e-05
26,6,-0.00728614455372241,4.15291598154677e-05
26,7,0.0240734581161079,4.19913456410019e-05
26,8,-0.00289346077228362,4.05088569709939e-05
26,9,0.00208488532292019,3.91213368900742e-05
26,10,0.00594853649918323,4.07259636081586e-05
26,11,-0.00569913574644755,4.34035244329409e-05
26,12,0.00809995086545863,4.18522391649741e-05
26,13,-0.00395677338343097,4.07389787862063e-05
26,14,0.0139585943793932,4.30660320867255e-05
26,15,0.0103771730872929,4.19379901132147e-05
26,16,0.0041120813313405,4.19467186844635e-05
26,17,-0.00505747436072836,4.14194803234381e-05
26,18,-0.00961258695810921,4.21187851438878e-05
26,19,-0.0131639742518275,4.27433606010143e-05
26,20,-0.00732365598189092,4.08930880578665e-05
26,21,0.0544533927433692,4.03780839660703e-05
26,22,-0.0599575261440816,4.17652373105118e-05
26,23,0.049301643108803,4.23036611941866e-05
26,24,-0.0483000251322051,4.31414252280326e-05
26,25,0.0514665373421567,4.53888109711912e-05
26,26,-0.0550102178268654,4.18190372812193e-05
26,27,0.0479003457285442,4.29355716899096e-05
26,28,-0.0428237896985966,4.41334749548306e-05
26,29,0.0522565897077269,4.19142674543529e-05
26,30,-0.0446756925267025,4.32493316543109e-05
26,31,0.0619607671058857,4.15917789911514e-05
26,32,-0.0437572039676452,4.35888469991634e-05
26,33,0.0461534693329095,4.07839739842711e-05
26,34,-0.045786793757983,4.07495751453986e-05
26,35,0.0435412022031394,4.48948036231828e-05
26,36,-0.0519207278155781,4.66387130487367e-05
26,37,0.056330200187465,4.78236143777731e-05
26,38,-0.0439136839412484,4.17005470763103e-05
26,39,0.0505666646615648,4.04722625106803e-05
26,40,-0.0326081646558477,3.97630287258142e-05
26,41,-2.48445069402129,0.00213947860616197
27,1,-0.00262368930081906,4.72851981372894e-05
27,2,-0.0048804099891401,5.81760550322862e-05
27,3,-0.0147379219304144,6.02434595897477e-05
27,4,-0.00101456763271249,5.97055971403706e-05
27,5,-0.00272417472564498,5.90655529249881e-05
27,6,0.000645518899876007,5.97030850550624e-05
27,7,-0.00555642008028437,6.23799253744925e-05
27,8,-0.00192643712717519,5.61369095054129e-05
27,9,-0.000274705591625305,5.32849217208208e-05
27,10,-0.00763751887981714,5.81313116919592e-05
27,11,0.000515180127729937,5.94527127655019e-05
27,12,-0.00703004815710679,5.63876709172465e-05
27,13,0.00154940145122127,5.73438744869186e-05
27,14,-0.00372764890069902,5.93294015494867e-05
27,15,-0.0020289264691639,5.45182329767002e-05
27,16,-0.0127398729352438,6.08586514864725e-05
27,17,0.0054347090174753,5.70058521528321e-05
27,18,-0.00304746331445045,6.21799049973507e-05
27,19,0.00137001331871978,6.07839169230853e-05
27,20,-0.00108960898176074,5.71087833194127e-05
27,21,0.0447230395188526,6.24017953396563e-05
27,22,-0.0412463755809592,5.93526298838442e-05
27,23,0.0544446937713263,5.44654391162421e-05
27,24,-0.0521525566993308,5.95990132085526e-05
27,25,0.0495146046654757,5.68346549600151e-05
27,26,-0.0471587922086514,6.35345665651571e-05
27,27,0.0536288127053537,6.19855228977567e-05
27,28,-0.0458945735118285,6.06548251444544e-05
27,29,0.0517332753113678,5.9839204230572e-05
27,30,-0.0505345587401505,5.88123079345838e-05
27,31,0.0539544734180712,5.63702800194074e-05
27,32,-0.0527493099272396,6.55638183402149e-05
27,33,0.0545032575998226,6.11463527426676e-05
27,34,-0.0534360627440223,5.79277011795216e-05
27,35,0.0388901880434522,5.9501122011497e-05
27,36,-0.051359126764986,6.28250072927739e-05
27,37,0.054641253543048,6.24736351974153e-05
27,38,-0.0435694749337597,6.06331567116756e-05
27,39,0.0518318650848924,5.85851158870775e-05
27,40,-0.0452996881821274,5.97858101538758e-05
27,41,-2.31570519955968,0.00213372744250886
28,1,-0.000331393065558251,4.14423338670696e-05
28,2,-0.00704169920598714,5.18136521818548e-05
28,3,0.00391899409906593,5.10695269387815e-05
28,4,0.0132897686567326,5.48149707695671e-05
28,5,0.0014505658379623,4.987259462012e-05
28,6,-0.00440307507871857,4.69344964145878e-05
28,7,-0.022694987717625,5.23355261293635e-05
28,8,-0.0014008799729692,4.97658208445701e-05
28,9,0.00840182608579612,4.97810850402188e-05
28,10,0.000803158898084161,4.82818243759904e-05
28,11,0.00717568525534486,5.00610434750738e-05
28,12,0.00332372996904063,5.0389985923091e-05
28,13,0.00921883102331835,5.18234158626101e-05
28,14,0.00344354207207632,5.05821080144006e-05
28,15,0.0014330233572203,5.245153483716e-05
28,16,-0.00214427291063077,4.97392767258977e-05
28,17,-0.00954296269144472,4.99630583463993e-05
28,18,-0.00458785034711149,5.6270881452749e-05
28,19,-0.0118820573295178,5.09790562088365e-05
28,20,-0.00237593923069169,5.35773606826884e-05
28,21,0.0488572574720312,5.14325852533128e-05
28,22,-0.0519247249929787,5.30416643567751e-05
28,23,0.0456065446377004,5.78596643137349e-05
28,24,-0.0513475220066643,5.14634677136039e-05
28,25,0.0518675016777046,6.23484967272387e-05
28,26,-0.0529378648728264,4.95011650342009e-05
28,27,0.0527237308024591,5.19053509853291e-05
28,28,-0.0499650896120474,5.10843141284895e-05
28,29,0.0472885633734641,5.00206115854521e-05
28,30,-0.0508844423023112,5.68767935687157e-05
28,31,0.0439212759870378,5.37603313651495e-05
28,32,-0.0338677400328499,5.80225853884889e-05
28,33,0.0609109170601816,5.43290030195179e-05
28,34,-0.0426924354984268,5.22294158916512e-05
28,35,0.0472449135402922,5.4651463340388e-05
28,36,-0.0715158030430409,5.27879109876995e-05
28,37,0.0573072976847038,5.48506603976125e-05
28,38,-0.0536059045495742,5.41892075685319e-05
28,39,0.0422703980978816,5.41997215017554e-05
28,40,-0.0487710680464385,5.02129464175883e-05
28,41,-2.38067908495348,0.00213658416751164
29,1,-0.0204551030620747,3.83083762174574e-05
29,2,0.0151479685521628,4.70773588321216e-05
29,3,-0.00411756133608914,4.7123945580044e-05
29,4,-0.00287303612139576,4.20993699568112e-05
29,5,-0.00957157160341754,4.41203979975329e-05
29,6,0.00676811017564692,4.70371356061938e-05
29,7,0.00416820443880016,4.26931098952982e-05
29,8,-0.00110999601631251,4.79912614798355e-05
29,9,-0.00110877667499631,4.59354378111298e-05
29,10,0.00268663755738382,5.0290644428245e-05
29,11,-0.0166249325903201,4.43047463203001e-05
29,12,0.0052759067581658,4.48908826579741e-05
29,13,0.00830392530505825,4.30324696486044e-05
29,14,0.00303232431808988,4.43934966729107e-05
29,15,-0.0158197321078594,4.55476958944517e-05
29,16,0.00476966864147553,4.66787957981681e-05
29,17,-0.00582303826358494,4.49215889297059e-05
29,18,-0.00273380825732888,4.6367068814677e-05
29,19,0.00126180719530468,4.42158178727005e-05
29,20,-0.0131200327299242,4.66251044622848e-05
29,21,0.0544584500503641,4.68728169633089e-05
29,22,-0.0591054722031846,4.39169804628304e-05
29,23,0.047984630384915,4.8993315748726e-05
29,24,-0.0441638473491077,4.85837408011098e-05
29,25,0.0515264435820082,4.8567564495563e-05
29,26,-0.0685234319240284,4.77368353777664e-05
29,27,0.0459877872271107,4.91452677034828e-05
29,28,-0.040396493444914,4.80604063599871e-05
29,29,0.0601017731697431,4.82251556879303e-05
29,30,-0.0481658033463119,4.80358624753831e-05
29,31,0.0377726145436297,4.40312598322516e-05
29,32,-0.0474975730503162,4.86448955060368e-05
29,33,0.0524754958602299,4.44618041310754e-05
29,34,-0.0608196546002232,4.93705523869788e-05
29,35,0.0524631494657896,4.53951343810332e-05
29,36,-0.047033870003462,4.44656592041413e-05
29,37,0.0519289429834946,4.49780503588782e-05
29,38,-0.0609031464052779,4.78180141847533e-05
29,39,0.0458798737449476,4.98337800755444e-05
29,40,-0.0434138369882256,4.54633376499006e-05
29,41,-2.43399937029421,0.00213901169641492
30,1,-6.26671108052083e-05,4.92202329602405e-05
30,2,-0.00149826436496482,6.54829069798494e-05
30,3,-0.00206417867195546,5.92743682864298e-05
30,4,-0.00165461606465399,6.66484411153804e-05
30,5,0.010766381020596,5.81322065332101e-05
30,6,0.00350357907223533,6.14018273333783e-05
30,7,-0.0032256327425319,6.3188052376552e-05
30,8,-0.00041784650919507,6.13484864598368e-05
30,9,-0.011054848152984,6.95482585639153e-05
30,10,0.00397720544291715,6.05168870439759e-05
30,11,0.00438159275224288,5.72309968829725e-05
30,12,-0.00763908477972488,6.03049214388695e-05
30,13,-0.00534043865411789,5.94284522125324e-05
30,14,-0.011430788736232,6.58442369769201e-05
30,15,0.0115751959921463,6.28460861686649e-05
30,16,-0.00373144709367335,5.92500509509685e-05
30,17,-0.00557187473963123,5.70231635296333e-05
30,18,0.00621053182576916,6.39189442717895e-05
30,19,-0.00333232740997337,6.41213867483521e-05
30,20,0.00463910940442459,5.67593489907962e-05
30,21,0.0577131123045196,6.10586611754629e-05
30,22,-0.0475442372627073,6.56732473066495e-05
30,23,0.044086044232117,5.99239287285899e-05
30,24,-0.0248348114255624,6.42016744158885e-05
30,25,0.0471292168260215,6.1572265431399e-05
30,26,-0.050793794239368,6.71076475074564e-05
30,27,0.0399806216429294,6.4128679611959e-05
30,28,-0.0597251371689316,6.37720891106322e-05
30,29,0.0443723853742664,6.43030120163435e-05
30,30,-0.0515899051844767,6.19443896395491e-05
30,31,0.0472599012142111,6.61260080807493e-05
30,32,-0.053217818906217,6.22750209027299e-05
30,33,0.0501976420239244,6.45731536348555e-05
30,34,-0.0585275933859288,6.54209670275598e-05
30,35,0.033818864606488,6.34528307747918e-05
30,36,-0.0578250215308648,6.02846058410811e-05
30,37,0.0471832825786855,6.04132208764652e-05
30,38,-0.0408950046075436,6.05765862416861e-05
30,39,0.0342936102488545,6.81661312947647e-05
30,40,-0.0592902650924994,6.576474141488e-05
30,41,-2.29466310755003,0.00213256417958702
31,1,-0.00954942516207112,4.12326659009318e-05
31,2,0.000746875901485234,4.80100116873958e-05
31,3,-0.000724951945479996,4.93436625824513e-05
31,4,-0.00794453039631093,5.11623285902669e-05
31,5,0.00170041702886538,4.79556299290943e-05
31,6,0.00818604932103364,4.80785126132019e-05
31,7,-0.00510306003963379,5.52887752962745e-05
31,8,0.00126468965139258,5.0858232000589e-05
31,9,-0.00716595441775586,4.78748944532453e-05
31,10,0.00664518463644221,4.98070098293161e-05
31,11,-0.012586481439892,5.25460276646877e-05
31,12,-0.0039281936267481,4.82166813870876e-05
31,13,0.00733292579869411,5.34432650012259e-05
31,14,-0.0122149380538283,5.27652690393385e-05
31,15,-0.00876084634817751,5.21489619965151e-05
31,16,0.00710192519876133,4.63382224784581e-05
31,17,-0.00335163627962043,4.8797790163573e-05
31,18,0.00178851453996021,5.55223251833191e-05
31,19,-0.00669516859830924,4.8440937971973e-05
31,20,0.012821367084474,5.04536369652054e-05
31,21,0.0432479940762416,4.88119381915242e-05
31,22,-0.0515933065434036,4.77324551546717e-05
31,23,0.0332709038190089,5.21733676740519e-05
31,24,-0.0324938867545863,5.00378151796693e-05
31,25,0.0387789465821197,5.393435356634e-05
31,26,-0.0309084653518962,5.43295267996675e-05
31,27,0.0538832672361662,5.02334992856836e-05
31,28,-0.056088490620867,4.92101558372717e-05
31,29,0.0496545101417972,4.54861966795983e-05
31,30,-0.0454982935669348,4.75563023809488e-05
31,31,0.0564496470260272,5.32840387176324e-05
31,32,-0.0404183592929957,4.93804362412102e-05
31,33,0.0410261845818763,5.33212424097257e-05
31,34,-0.0455272798227088,5.21949308030265e-05
31,35,0.0567789119622776,4.93401703828009e-05
31,36,-0.0319796355986487,5.64045105036977e-05
31,37,0.0458756981672259,5.27091752665731e-05
31,38,-0.0578065594808582,5.28228883972954e-05
31,39,0.0527420136464283,4.93685435035383e-05
31,40,-0.0438194872223075,5.04848647387962e-05
31,41,-2.39263958239094,0.0021344291427751
32,1,0.00118723163933815,3.76889649131405e-05
32,2,-0.00259570875934317,4.49269717189457e-05
32,3,-0.00425398996824815,4.56734909194698e-05
32,4,0.0106164337451227,5.29562481984181e-05
32,5,0.0104680898149919,4.56222369157517e-05
32,6,0.00335984420141178,4.64047541860501e-05
32,7,0.0028257467724065,5.01119663701291e-05
32,8,-0.00630934051808199,4.70670101611099e-05
32,9,0.00524298260258187,4.71475006368168e-05
32,10,0.00224482033720082,4.49103716302243e-05
32,11,-0.00405640083352922,5.04901832661554e-05
32,12,0.00364870930773615,4.61463826863096e-05
32,13,-0.00902004247515764,4.70507580786534e-05
32,14,0.00174630655039275,4.90127482966031e-05
32,15,-0.0042134151409612,4.48723606271078e-05
32,16,-0.00383458393341033,4.6856627722779e-05
32,17,0.00599286499412343,4.76775918096165e-05
32,18,0.00255452759953688,4.46689689895819e-05
32,19,-0.0155593238672705,4.76079833850639e-05
32,20,0.00674717552347058,5.20213466724012e-05
32,21,0.0562245473869323,4.85480404061917e-05
32,22,-0.0517651408081733,5.01396276273461e-05
32,23,0.0529047779699134,5.14338420493672e-05
32,24,-0.0551671653344029,5.09222759568786e-05
32,25,0.0429769014482852,4.95503479541173e-05
32,26,-0.053683781947364,5.11648231764423e-05
32,27,0.0536972219556427,4.7509927504188e-05
32,28,-0.0481163164202696,4.90618863663039e-05
32,29,0.065253924130492,4.93269121899427e-05
32,30,-0.0399807895531929,4.83324814157558e-05
32,31,0.052202727499984,4.61023077231421e-05
32,32,-0.0483626200936429,5.16582856545416e-05
32,33,0.0478274673879742,4.77386607336006e-05
32,34,-0.0372742103618243,5.02115073843329e-05
32,35,0.0455575210258984,5.00902302550998e-05
32,36,-0.0433059228052242,5.14075519764802e-05
32,37,0.0386829511017089,5.27879427663194e-05
32,38,-0.0584942670245646,4.9608636904626e-05
32,39,0.0372333482799312,4.6516931883397e-05
32,40,-0.0376318508569038,4.74516613701982e-05
32,41,-2.42838943757394,0.00213630494381376
33,1,0.00231251213841264,3.650029922843e-05
33,2,0.00969810298015935,4.64201166075479e-05
33,3,-0.000412169034573177,3.96312826738833e-05
33,4,-0.000646437465830631,4.31477445409609e-05
33,5,0.0033124264018703,4.09291368029775e-05
33,6,-0.000810829823768625,4.05748513626496e-05
33,7,-0.00438062935365488,4.41517103929121e-05
33,8,-0.00165770978513002,4.54187521309009e-05
33,9,-0.0111363762239059,4.64556910496677e-05
33,10,0.00931293762749764,4.66859242264571e-05
33,11,-0.0104654444392389,4.5115924196615e-05
33,12,0.0121046066166674,4.91597577898702e-05
33,13,0.00652421537569535,5.27639757413541e-05
33,14,0.00456893432628747,4.35234316265117e-05
33,15,-0.00630523013941184,4.24258347210835e-05
33,16,0.00226824373394654,4.80101371028083e-05
33,17,-0.00122491898524249,4.53205887320231e-05
33,18,-0.00886198216178314,4.93037055794609e-05
33,19,-0.00409365683355263,4.28845000275598e-05
33,20,-0.00177028845051401,4.47025070877164e-05
33,21,0.0493411844993769,4.68880541019099e-05
33,22,-0.0467290034868479,4.8748287668695e-05
33,23,0.0473430509887652,4.76539208279385e-05
33,24,-0.0544560419852115,4.7906378238021e-05
33,25,0.0477147019281819,4.61797049153344e-05
33,26,-0.053203617265248,4.39835116483754e-05
33,27,0.0586312514398731,4.59626145858289e-05
33,28,-0.044403749060682,4.41944764937672e-05
33,29,0.0498852453125537,4.55871502820627e-05
33,30,-0.0599133741026386,4.96813036400373e-05
33,31,0.0593148704261084,4.66601451208289e-05
33,32,-0.0386408526635337,4.37827116607569e-05
33,33,0.060746400426746,5.22975166876036e-05
33,34,-0.051881430858113,4.60778228599524e-05
33,35,0.0596192517368932,4.35293294247226e-05
33,36,-0.048580504103378,4.42520222549957e-05
33,37,0.0452182366590091,4.67633000051222e-05
33,38,-0.0482740728809677,4.4671131708744e-05
33,39,0.0405694523422993,4.61082912604937e-05
33,40,-0.0526526883265482,4.51766788406137e-05
33,41,-2.44513832678606,0.00213821953250963
34,1,0.0158293928126338,3.14380189475208e-05
34,2,8.38265617285018e-05,3.66675607447835e-05
34,3,0.0071598198900767,3.93222850084156e-05
34,4,-0.0116897852230046,3.90449595536004e-05
34,5,0.00411977605340632,4.06502982340936e-05
34,6,-0.0104292130591816,3.78763519736417e-05
34,7,-0.00843101805900598,3.93242030646818e-05
34,8,0.000786190918468767,3.66881247203564e-05
34,9,-0.00934640307260783,3.96987936499797e-05
34,10,0.00234405552799356,3.65866043111446e-05
34,11,-0.000203277080400497,3.67609502649942e-05
34,12,0.00540733443701137,3.89155434025296e-05
34,13,-0.00399309229886657,3.90295593938684e-05
34,14,-0.0145358129363112,4.11573328640181e-05
34,15,0.001423335432438,3.69018237204736e-05
34,16,0.0121843789376536,3.89977191406363e-05
34,17,-0.00306196260649426,3.80240910557268e-05
34,18,-0.00257638905469081,3.48346935232624e-05
34,19,0.00367544601569142,3.87080561502615e-05
34,20,-0.00763231046587728,3.87899699085857e-05
34,21,0.0492651914863297,3.87390579598794e-05
34,22,-0.0429155646581723,3.61615545232956e-05
34,23,0.0518417756265015,3.80166576021883e-05
34,24,-0.0487590473029027,3.79844388293024e-05
34,25,0.0421173531649523,3.82613859851753e-05
34,26,-0.0408472631994436,3.69797302191587e-05
34,27,0.0533456721102042,3.54754569027099e-05
34,28,-0.0542340805506423,4.18255595887621e-05
34,29,0.0499332808243451,3.63948497846063e-05
34,30,-0.0354057425174318,3.84191296443718e-05
34,31,0.0421805494995767,3.97822345807838e-05
34,32,-0.063136956558465,4.01084856835028e-05
34,33,0.050533021744717,3.70729138688572e-05
34,34,-0.0490477428015948,3.76464585124555e-05
34,35,0.0424163715054272,4.06108034990079e-05
34,36,-0.0470888034398411,3.8813371323731e-05
34,37,0.0455640538852393,4.03303565827531e-05
34,38,-0.0446021782439949,4.31479632702045e-05
34,39,0.0571677090093295,4.24054893322709e-05
34,40,-0.0470561684072953,3.69119914040375e-05
34,41,-2.53262392361356,0.00213984758037336
35,1,0.00281794454004162,3.83937384928764e-05
35,2,-0.00373339894691816,4.90842850786975e-05
35,3,-0.00877400402084424,4.74488444446275e-05
35,4,0.0079578303052921,4.57344291236148e-05
35,5,-0.003120166612253,4.78286970715474e-05
35,6,-0.00576283083089124,4.5414485437105e-05
35,7,0.00475667921340599,5.14496407415305e-05
35,8,0.00687434435702608,4.49961662383834e-05
35,9,0.00920896310474989,4.8530368882707e-05
35,10,0.00774647430730125,4.96949627745095e-05
35,11,0.00127181269202118,4.78306084403493e-05
35,12,0.0063646204770714,4.99461438065491e-05
35,13,-0.00225925074859945,4.83806513141502e-05
35,14,-0.0162931047191124,4.94610515149938e-05
35,15,0.0179700002552003,4.9563475582284e-05
35,16,-0.00817091629469728,4.53741088761749e-05
35,17,0.000447348195351533,4.58387998116387e-05
35,18,-0.00134002767419911,5.07202891646684e-05
35,19,-0.00161137221240969,4.7276197393733e-05
35,20,-0.00201393754482425,4.92964533308932e-05
35,21,0.0541513191778895,4.48452683074175e-05
35,22,-0.0515834314773115,5.0838135194404e-05
35,23,0.0534069486603615,4.70677349962366e-05
35,24,-0.0521293397266113,4.70871609907888e-05
35,25,0.046577572380992,4.81809023358343e-05
35,26,-0.049799224144552,4.6059384880015e-05
35,27,0.0345725119150327,4.94704769788271e-05
35,28,-0.0526300659868382,4.98077978513625e-05
35,29,0.0522833169671838,4.61651225821645e-05
35,30,-0.0308520513388232,4.63102535444949e-05
35,31,0.056810113164058,5.00562590386339e-05
35,32,-0.0588073807614608,4.92811098020634e-05
35,33,0.0608793192201201,4.6957952026066e-05
35,34,-0.0413287665367773,4.98861764178763e-05
35,35,0.0508585510541363,4.96010710307157e-05
35,36,-0.049944839869444,5.13999927452378e-05
35,37,0.0504032811101506,4.55937844785913e-05
35,38,-0.0559509603314152,5.01955042339702e-05
35,39,0.0538608650969738,4.59026583352709e-05
35,40,-0.0517067797464628,4.80695171351408e-05
35,41,-2.4202497846202,0.00213735148791555
36,1,-0.00265530802541818,3.93218243307336e-05
36,2,-0.00791977140776375,5.34831192997345e-05
36,3,-0.0144672392401623,5.34144771885846e-05
36,4,0.00710308677010658,4.7877004743629e-05
36,5,0.0152632395276703,4.71116130968477e-05
36,6,-0.00132839045244504,5.79330390298983e-05
36,7,-0.00464567542606453,4.66924513274749e-05
36,8,-0.00483527717824454,4.68856189505381e-05
36,9,0.00263448166888124,5.61214658079426e-05
36,10,-0.00355520716773418,4.42412933674499e-05
36,11,0.00597796159713766,5.11342579112876e-05
36,12,0.000971378985699929,4.74305919324531e-05
36,13,0.00519800308433403,4.70601920882415e-05
36,14,1.5961971737015e-05,4.78292599870796e-05
36,15,-0.00721278784174568,4.88296739835399e-05
36,16,-0.00158969259649991,5.27675533335034e-05
36,17,0.00721792852104746,4.56735770016982e-05
36,18,-0.00408998622131678,4.61197933810997e-05
36,19,0.000155403010888766,4.53053020911286e-05
36,20,0.000208993701635606,4.89248188162932e-05
36,21,0.0436930496408259,5.00917308267381e-05
36,22,-0.049936294972647,4.75984910674494e-05
36,23,0.046377440784869,4.89923584640646e-05
36,24,-0.0575084577469967,5.51314844485786e-05
36,25,0.0433757574255849,5.47884923503312e-05
36,26,-0.0462049055927687,5.06212272105468e-05
36,27,0.0417402192080518,5.37097780737489e-05
36,28,-0.0576102389908816,4.71428389933787e-05
36,29,0.0706997424640239,5.14422441443907e-05
36,30,-0.0405897479892183,4.77700474861468e-05
36,31,0.0402267522424374,5.58433270289991e-05
36,32,-0.0440167010169505,4.7585253900675e-05
36,33,0.0581532434467575,5.46215108391411e-05
36,34,-0.0485610419552967,4.79327630029198e-05
36,35,0.0568292008521767,4.65095665563615e-05
36,36,-0.033614236110679,4.97192047066181e-05
36,37,0.0684468515433036,4.90227361518385e-05
36,38,-0.0534313352920925,4.58639168249474e-05
36,39,0.0578484708370887,4.84279390948087e-05
36,40,-0.0568693239724493,4.87871386512921e-05
36,41,-2.40813093215233,0.00213719611954749
37,1,-0.00659701154523984,4.28448787028994e-05
37,2,0.000819506305069472,5.0221327166157e-05
37,3,-0.00769639532162765,4.70091010876181e-05
37,4,0.0134578705184729,5.21887998390504e-05
37,5,-0.00569760600535603,5.15523409191629e-05
37,6,-0.00348887223960126,5.07573366801892e-05
37,7,-0.00630459681143694,4.97352659964342e-05
37,8,-0.0164906159284164,4.8265331564351e-05
37,9,0.0082866230663197,5.05118805294616e-05
37,10,-0.00223143825554495,5.56215948308073e-05
37,11,0.00183573357391418,4.89308007078266e-05
37,12,0.00410176710403584,5.49468888310299e-05
37,13,-0.00372279179845491,5.39743824364113e-05
37,14,0.00344453435351055,5.10734525247929e-05
37,15,0.00806057002267637,5.53544353683728e-05
37,16,-0.013152419238424,5.1065702469494e-05
37,17,-0.00189939558049803,5.74082801468593e-05
37,18,0.00971589451257545,5.46196564261599e-05
37,19,0.00585528167506459,5.33516259088543e-05
37,20,-0.0201484065925879,5.11324258976729e-05
37,21,0.056652798349286,5.56377175287014e-05
37,22,-0.0459263967018892,5.52524943031762e-05
37,23,0.0523309785292797,5.8516406185638e-05
37,24,-0.0402783562321502,5.6456829300302e-05
37,25,0.0422217665237648,5.33965207787805e-05
37,26,-0.0533694628562232,5.19497133754617e-05
37,27,0.0586127213097038,5.58121282479826e-05
37,28,-0.0529215321958526,5.96673716701635e-05
37,29,0.0555549435945542,5.3679269727287e-05
37,30,-0.0489938853619127,5.20927235489394e-05
37,31,0.0462947457210361,5.21448074016699e-05
37,32,-0.0416623096550475,5.10746511367029e-05
37,33,0.0501550956914725,5.39081732602138e-05
37,34,-0.0396731071910033,5.31863994850301e-05
37,35,0.0528567074844175,5.051136500196e-05
37,36,-0.0540199431801792,5.0410783567926e-05
37,37,0.0523871018909554,5.46288655477575e-05
37,38,-0.0371858337167515,5.41541674225491e-05
37,39,0.0503365828476352,4.95022426677538e-05
37,40,-0.0493519596661036,5.5562915380384e-05
37,41,-2.36964062389169,0.00213610932810219
38,1,-0.0103842098227258,4.52645739280049e-05
38,2,-0.0137061638772281,5.75627026636784e-05
38,3,-0.00426053174988368,5.19819311374099e-05
38,4,0.0122611533154134,5.74301894440418e-05
38,5,-0.00420916949894813,5.52374719043497e-05
38,6,-0.00456352405067972,5.92551880754775e-05
38,7,0.00130095276441125,5.86054025316134e-05
38,8,-0.0076688722579692,5.78925946545126e-05
38,9,0.000119591990461454,5.22582143033192e-05
38,10,0.0154447867083352,5.12957414719434e-05
38,11,-0.0161003363783074,5.95847708345251e-05
38,12,0.0158450331254329,5.80045874582703e-05
38,13,0.00148387242274267,5.17254328616484e-05
38,14,0.00108452255056994,5.28953821910108e-05
38,15,-0.00154854338048273,5.45154154874282e-05
38,16,-0.00232863615667294,5.51233747980201e-05
38,17,0.00261835307853753,5.33443369129241e-05
38,18,-0.00605260135471239,5.6002962983996e-05
38,19,0.00857761600661516,5.59919024975667e-05
38,20,0.000514189583232116,5.32740398998399e-05
38,21,0.0405870913876344,5.58692529972272e-05
38,22,-0.0450858783189733,6.07262070930766e-05
38,23,0.0404813312088771,5.37012461268776e-05
38,24,-0.0522502115730962,5.81135861988361e-05
38,25,0.0546723294085392,5.56974749677215e-05
38,26,-0.0454147162323388,5.53375853850066e-05
38,27,0.0686878845978796,5.46540589739146e-05
38,28,-0.0688438562640904,5.68258100555295e-05
38,29,0.046321389618711,5.69122150103346e-05
38,30,-0.0580650286335639,5.30963424276022e-05
38,31,0.0386560770189881,5.67634817967334e-05
38,32,-0.0573871063291789,5.91014020075918e-05
38,33,0.0484332841553886,5.76779415768962e-05
38,34,-0.0562089193316742,5.70867699002425e-05
38,35,0.047790767267501,5.46101298381029e-05
38,36,-0.0457205156907486,5.39266525926844e-05
38,37,0.0462937604676456,5.41719858054192e-05
38,38,-0.0545707423724285,5.69819779062249e-05
38,39,0.0409680197280654,5.1305128504052e-05
38,40,-0.0623233028036117,5.91238791155385e-05
38,41,-2.34637246112121,0.0021358844026199
39,1,-0.00702241531474882,3.65284377615311e-05
39,2,0.00328576319024436,4.18299280257871e-05
39,3,0.00697077509610217,4.50170956748346e-05
39,4,-0.00914755443553024,4.52083773601015e-05
39,5,-0.00109958874191726,4.42538476433428e-05
39,6,-0.00352346289748532,4.15401186454382e-05
39,7,-0.0126224575073767,4.48601629677603e-05
39,8,0.00595158722617075,4.56096644596696e-05
39,9,-0.00318086197157204,4.29631790768534e-05
39,10,0.00836904186763106,4.36235159079501e-05
39,11,0.000482637370523126,4.6371369817953e-05
39,12,-0.0052306824960008,4.74365440030845e-05
39,13,0.00387763367455759,5.09608216897353e-05
39,14,0.00312903190667373,4.65884478567706e-05
39,15,0.0058580887548119,4.78748511213354e-05
39,16,-0.00215563783693387,4.44343151589268e-05
39,17,-0.00378889064577374,4.42110744414584e-05
39,18,0.00396587519363706,4.46639033146779e-05
39,19,0.000288572805678041,4.69538192064286e-05
39,20,-0.00985140553148128,4.57800403524476e-05
39,21,0.0414200295021001,4.45743578685247e-05
39,22,-0.0539038795625836,4.47076443810733e-05
39,23,0.0499694990599852,4.28792545997519e-05
39,24,-0.0434954694264915,4.90209853565209e-05
39,25,0.0519816686905541,4.58998946480109e-05
39,26,-0.0545728302405309,4.85880172965254e-05
39,27,0.0506210257800009,4.91497145075363e-05
39,28,-0.0505306108425981,4.48606738445631e-05
39,29,0.0383002751883544,4.62283376487013e-05
39,30,-0.043478243112284,4.41226426970174e-05
39,31,0.0620497104535165,4.73678881682837e-05
39,32,-0.0605164275861358,4.77054691879524e-05
39,33,0.0502009593088967,4.52117187163636e-05
39,34,-0.0417567366647208,4.51638751098875e-05
39,35,0.0461263724133123,4.34859636426499e-05
39,36,-0.0618365093569486,4.69039816080027e-05
39,37,0.0343331813427435,4.17657536575173e-05
39,38,-0.0437231240269307,4.49336523359174e-05
39,39,0.0584548356437301,4.45022097612154e-05
39,40,-0.0556311206112446,4.620929343917e-05
39,41,-2.45069354039732,0.00213773418173442
40,1,0.00362430283442608,4.3664854027796e-05
40,2,0.00154340770686285,5.17494132738242e-05
40,3,-0.00634638970084554,5.39980978093882e-05
40,4,0.00334484179460994,5.03330012431376e-05
40,5,-0.00424804005726286,5.33955053259253e-05
40,6,-0.00299761672851428,5.29457669080695e-05
40,7,-0.00938063518599994,5.76278669181894e-05
40,8,-0.00596960531710078,5.62372343418478e-05
40,9,0.00716959663098115,5.41060640318116e-05
40,10,0.0137169940574271,5.51381334442634e-05
40,11,0.00431677530030712,5.43137713450627e-05
40,12,0.00315885521936334,5.53275357832619e-05
40,13,-0.00938101012360199,5.2449796508099e-05
40,14,0.00164294980419735,5.21945668181422e-05
40,15,-0.00616284870510745,5.81669604680076e-05
40,16,0.00567720294313009,5.31937424053651e-05
40,17,0.00426450811046291,5.01627274448276e-05
40,18,-0.00980217400560478,5.40538669793414e-05
40,19,0.00435695335734469,5.02892912727471e-05
40,20,-0.0149292319395084,5.26083121379759e-05
40,21,0.0369560682220031,5.39849265737405e-05
40,22,-0.0506438457671265,5.20780618602125e-05
40,23,0.0582652005630683,5.91173826582337e-05
40,24,-0.0443884597878483,5.07296170389149e-05
40,25,0.0431670403514529,5.40994419857549e-05
40,26,-0.0529784235917083,6.40722448754873e-05
40,27,0.0552304060530189,6.34719636861811e-05
40,28,-0.049548740322786,5.70058493651616e-05
40,29,0.0523069019244682,5.26948506940229e-05
40,30,-0.0472083093387797,5.89134105779058e-05
40,31,0.0356899408643044,5.68954247039261e-05
40,32,-0.0510920095331376,5.41327718938573e-05
40,33,0.0515802510869724,5.55711088876843e-05
40,34,-0.0632858872023688,5.3072499672221e-05
40,35,0.0359571794456235,5.62335263200401e-05
40,36,-0.0515562727481397,5.23323786406079e-05
40,37,0.0508750170236265,5.57557547494348e-05
40,38,-0.0491104685638175,5.32946458220023e-05
40,39,0.0488839960083039,5.19286079484376e-05
40,40,-0.0578256797799844,5.63843242220736e-05
40,41,-2.35651157406372,0.00213514516533966
41,1,0.00372911248501034,4.65347647450385e-05
41,2,0.00516313639746855,5.96446034403823e-05
41,3,-0.00172305835014482,5.61208018429689e-05
41,4,0.00718974468375155,6.14122381689306e-05
41,5,0.00823580438598712,5.78049057230846e-05
41,6,0.00517797092144302,5.41301871095504e-05
41,7,-0.00700026998526171,5.53654936955783e-05
41,8,-0.0102431892530488,5.91594290594421e-05
41,9,-0.0131053273307419,5.90813430497565e-05
41,10,0.015677756709062,5.71064023689367e-05
41,11,0.0024027495114678,5.49510921362262e-05
41,12,0.00619255498223972,5.86119988024978e-05
41,13,-0.0089381108502221,6.47578986519109e-05
41,14,0.00448216150836498,5.6845590212532e-05
41,15,-0.00662125672171724,6.27299076505529e-05
41,16,0.010805570481963,5.77985312163429e-05
41,17,-0.00274942508260255,5.44925121285297e-05
41,18,-0.00438450906667641,5.84023883134405e-05
41,19,0.000193022506882437,5.85233882511817e-05
41,20,0.0101451532469989,6.34606615579854e-05
41,21,0.0527771965489548,5.91927427598295e-05
41,22,-0.0419092544365824,5.5796651474768e-05
41,23,0.0572896264861713,6.62199144913346e-05
41,24,-0.0551796415035885,5.89881471253596e-05
41,25,0.0552009782510903,6.42290480902356e-05
41,26,-0.0524708313799278,6.30974048201144e-05
41,27,0.050686394988285,5.67368025855747e-05
41,28,-0.0459724377386033,5.89355752703906e-05
41,29,0.0479781051733772,5.80119625475374e-05
41,30,-0.0445269408473544,5.95197266153749e-05
41,31,0.0569229827794141,6.50447822301846e-05
41,32,-0.0502336074868507,5.77344891261704e-05
41,33,0.0503661725776983,5.67132690867066e-05
41,34,-0.0497770381495185,5.79663863628297e-05
41,35,0.0450105716054807,5.62877484341579e-05
41,36,-0.0542969109985867,5.85015062979007e-05
41,37,0.0525394283053607,6.91799899256982e-05
41,38,-0.0326230438464725,5.73706142584771e-05
41,39,0.0544086706162561,6.06974709498877e-05
41,40,-0.0465377301883239,6.06342810370061e-05
41,41,-2.32467155404531,0.00213516306568899
42,1,-0.00445728445348234,5.16254134106332e-05
42,2,0.00722518300410991,7.36569177212893e-05
42,3,-0.0128739127903519,6.42076095776237e-05
42,4,-0.0144950579035347,6.69219090956066e-05
42,5,0.000646084295846609,6.02078268775941e-05
42,6,0.00596613799023479,6.97598488331347e-05
42,7,-0.0226985785540885,7.18102243187909e-05
42,8,0.00554568277620605,6.32382047098677e-05
42,9,-0.0131011717506093,6.56951366487998e-05
42,10,0.00726548868331161,6.34049127256938e-05
42,11,-0.00527064078020748,6.82267910213695e-05
42,12,-0.00269765297125461,6.53734828775196e-05
42,13,-0.0171128766278214,6.7947700080861e-05
42,14,-0.00608715490624219,6.9817602653138e-05
42,15,0.00445176932214337,6.27616176077847e-05
42,16,-0.00391335280606341,5.96139927266003e-05
42,17,0.000122534854011921,6.46190074524673e-05
42,18,-0.00142251119315323,6.62778540143032e-05
42,19,0.000712569753309129,6.48643165562301e-05
42,20,-0.00529061054096404,6.77957766925426e-05
42,21,0.0540876081184072,6.2585997596242e-05
42,22,-0.053142647493627,6.9582336493193e-05
42,23,0.0619283631115798,6.41370392308346e-05
42,24,-0.0531048320327595,6.56490651961722e-05
42,25,0.0556949346025576,6.70951275973888e-05
42,26,-0.0486227784082734,6.65826991648711e-05
42,27,0.0457176600218941,6.71437750429375e-05
42,28,-0.0535337728749208,6.96829095539762e-05
42,29,0.0541481439809708,6.73244196869841e-05
42,30,-0.0512289906942169,6.54977042539651e-05
42,31,0.0555998299520482,6.80413314139673e-05
42,32,-0.0504327512384188,6.85707866358805e-05
42,33,0.0752115613358975,6.65330657348298e-05
42,34,-0.0575395553548135,6.34837575166013e-05
42,35,0.0555598956871827,7.29920256258062e-05
42,36,-0.0414949017084714,7.01632859975241e-05
42,37,0.0550020266651471,6.84363942570534e-05
42,38,-0.0591203396794591,6.60835237114861e-05
42,39,0.0397684260932728,6.99566992609117e-05
42,40,-0.0635606854179523,6.58883129608783e-05
42,41,-2.27327508678625,0.00213599985565359
43,1,0.0102420999537699,3.98160872294262e-05
43,2,0.00296838717297426,4.71432487845812e-05
43,3,0.00450301005111744,4.46759864237204e-05
43,4,0.000910542895657928,4.8352740864174e-05
43,5,-0.0165017303107559,5.13293290327269e-05
43,6,0.0121246591881938,4.6629479518178e-05
43,7,0.0174075385171264,4.72157234547837e-05
43,8,-0.000939734704826117,4.80519285907896e-05
43,9,0.00854385291374432,4.7338305348127e-05
43,10,0.0041239977858838,4.85827200938919e-05
43,11,-0.00368209052705657,4.61835725836369e-05
43,12,0.0019697668233537,4.49222242958852e-05
43,13,0.00867265746911656,4.97347654017347e-05
43,14,-0.00717875701317855,5.06371981585017e-05
43,15,0.0071002061968218,4.93416775533429e-05
43,16,0.00159778627755521,5.22960407997717e-05
43,17,-0.00823713213237736,4.99785247776561e-05
43,18,0.0137993703549903,4.84703084294703e-05
43,19,0.00488010734362013,5.00514484170118e-05
43,20,-0.00146013252759827,5.05172677831126e-05
43,21,0.0670920194310235,5.02236078673842e-05
43,22,-0.0412717613222637,4.835537395452e-05
43,23,0.0421284151273345,4.83453317999099e-05
43,24,-0.0688225656996446,4.76791963395642e-05
43,25,0.0676539286143446,4.84013391905333e-05
43,26,-0.0564553086161081,4.62678016656692e-05
43,27,0.0507348146941784,5.12739900059265e-05
43,28,-0.0477372004700389,5.09818750160472e-05
43,29,0.0554697902292375,4.89121665172264e-05
43,30,-0.0574919381664028,4.86498386620337e-05
43,31,0.0367028389524938,4.54899578081491e-05
43,32,-0.0466192334498759,4.94836578269083e-05
43,33,0.0540096377813338,5.10181367842057e-05
43,34,-0.0582406855840289,4.96692881015934e-05
43,35,0.0453385318818381,5.14105612973967e-05
43,36,-0.0475019951810716,4.77489102667028e-05
43,37,0.0479788833530655,5.23382038169228e-05
43,38,-0.0609604680412226,5.30525615552493e-05
43,39,0.0480937465322043,5.13190648821321e-05
43,40,-0.0386488281370127,5.10341807434077e-05
43,41,-2.41100414719929,0.00213882348555433
44,1,-0.000715933672800957,2.96921134302674e-05
44,2,0.00616665629619182,3.63772715052741e-05
44,3,-0.00080011391051494,4.0260882693648e-05
44,4,0.0146892783635589,3.85699098238739e-05
44,5,-0.00478152627112684,3.86604581756615e-05
44,6,-0.00667275368195276,3.68177060314522e-05
44,7,-0.00427437435417749,4.41249315472424e-05
44,8,-0.00253620635248028,3.74497261887974e-05
44,9,0.00535801467496329,3.53346634335964e-05
44,10,0.00461317156784256,3.56782005672892e-05
44,11,0.0105279009639207,3.86471940920189e-05
44,12,0.023938935370627,3.72051344345829e-05
44,13,-0.0110637776242698,3.63837970916528e-05
44,14,0.011149755356535,3.53592623548848e-05
44,15,-0.0158471874963065,3.55602996815989e-05
44,16,0.00203858306682426,3.97419566281291e-05
44,17,0.00427564076075959,3.61451476856207e-05
44,18,0.00555791574296625,3.92971333995959e-05
44,19,0.00172162103171173,3.55717112674073e-05
44,20,-0.000403941112559846,3.49650598667848e-05
44,21,0.0478002426780547,3.59650066385054e-05
44,22,-0.0614115553496172,3.93743031312251e-05
44,23,0.0596432785877792,3.64364635286192e-05
44,24,-0.04589248782278,3.9497748967306e-05
44,25,0.0521030327724775,3.79923542459162e-05
44,26,-0.0420582914596062,3.78071359347914e-05
44,27,0.0543094052553815,3.96579628839361e-05
44,28,-0.049517430536064,4.08843144071495e-05
44,29,0.0490569985295753,3.58097378654763e-05
44,30,-0.0450922697342429,3.48124715599836e-05
44,31,0.0426294878161738,4.03667797367757e-05
44,32,-0.0499041291741182,3.55576642028171e-05
44,33,0.034556938497652,3.63170145146369e-05
44,34,-0.0400990492865254,4.25473918074808e-05
44,35,0.0598853652591116,3.67776889776698e-05
44,36,-0.0442818699258569,4.52248139512753e-05
44,37,0.0548287754908203,3.98934156895152e-05
44,38,-0.0465336884196067,3.99673640261364e-05
44,39,0.052274660342597,4.00688280769915e-05
44,40,-0.0450776685716571,3.54930281502318e-05
44,41,-2.54748932245521,0.00214105282441588
45,1,-0.00706450880544187,4.3875279414494e-05
45,2,-0.00327480403923019,5.67674046158752e-05
45,3,0.00124847908372239,5.53582893112269e-05
45,4,-0.0143892536842475,5.41001584832546e-05
45,5,0.0144822844096405,5.70386857518759e-05
45,6,0.00821128379421073,5.23939792119589e-05
45,7,0.0198132552593784,5.16582435693126e-05
45,8,0.0106267032071107,5.23677825697279e-05
45,9,-0.000516677958910759,5.15993168515435e-05
45,10,-0.0028518609601818,5.19111416961555e-05
45,11,-0.0160582440481733,5.31148298251841e-05
45,12,-0.0129805504382727,6.09482699809511e-05
45,13,0.00967481589605384,5.49510298136195e-05
45,14,0.0100869715351157,5.39794096846684e-05
45,15,0.00951024741803663,4.93012603818449e-05
45,16,0.0129802888109791,5.33494130483626e-05
45,17,0.00787118159303197,5.50726117733114e-05
45,18,-0.00490277009647304,5.29526148271445e-05
45,19,0.00522354085047194,5.70805642663227e-05
45,20,-0.00290976754729764,5.43376694610062e-05
45,21,0.0479491522552155,5.29147313909948e-05
45,22,-0.0547508805059385,5.35176224029593e-05
45,23,0.0500328536383442,5.71949255551569e-05
45,24,-0.0604109121208788,5.49159561747067e-05
45,25,0.0394659478065998,6.2526134291941e-05
45,26,-0.0401101527708563,5.88694908353047e-05
45,27,0.0350441824072159,5.37781406388731e-05
45,28,-0.0570332854428582,5.34622782448255e-05
45,29,0.0437861800270114,6.23760545540685e-05
45,30,-0.0479384052708288,5.50539654622834e-05
45,31,0.0548937560928551,5.31480674557344e-05
45,32,-0.0469759949772988,5.05864689065951e-05
45,33,0.0443886954804097,5.39032519996314e-05
45,34,-0.0363786447642106,5.44748218429638e-05
45,35,0.0350040036861143,5.47303670474668e-05
45,36,-0.0394094108396015,5.34709282256162e-05
45,37,0.0605172943977274,5.98384846860759e-05
45,38,-0.0501175439756755,5.19355951706709e-05
45,39,0.0440974509036843,5.3797151406868e-05
45,40,-0.0373297070616717,5.69948814496683e-05
45,41,-2.35826126873314,0.00213515930225317
46,1,-0.00592922864800518,4.38991976602935e-05
46,2,0.000609588739115944,5.35790575208428e-05
46,3,-0.00288457271411411,5.55562016483982e-05
46,4,-0.00502029444709865,5.07587410734341e-05
46,5,0.00501771785704681,5.44124400630382e-05
46,6,-0.00836331587683501,5.5765785583104e-05
46,7,0.00357529959183427,5.87746740245237e-05
46,8,0.00525321546517006,5.45006250639324e-05
46,9,0.00973817443295293,5.36322286426346e-05
46,10,-0.00335568751697723,5.21706298892696e-05
46,11,-0.00903558352853587,5.84819665482185e-05
46,12,-0.0100380327373732,5.10747892212447e-05
46,13,0.00923789613713223,5.59237034768966e-05
46,14,0.00467271595624207,5.341251809738e-05
46,15,-0.00280217209644273,6.13806782509437e-05
46,16,-0.0110337830011607,5.48215342475379e-05
46,17,0.011482706695223,5.19511221405836e-05
46,18,0.00869796168239574,6.04074877957813e-05
46,19,-0.00411430385319072,5.30839519894958e-05
46,20,-0.00143193038219135,5.36354808288225e-05
46,21,0.0541187863301274,5.63983994274777e-05
46,22,-0.0473912505259571,5.94034879302468e-05
46,23,0.039117273852068,5.77431385183488e-05
46,24,-0.0708465274507045,5.62932437039658e-05
46,25,0.0478712114185038,5.73551090385342e-05
46,26,-0.0578682617097777,5.35141953025998e-05
46,27,0.0503592496245118,6.07284480267789e-05
46,28,-0.0440103859196012,5.64987092042246e-05
46,29,0.0542755020536564,5.28345256426113e-05
46,30,-0.0493318662631612,5.76416909983178e-05
46,31,0.0573164953914109,5.27280094350597e-05
46,32,-0.0440545573778109,5.59220906699405e-05
46,33,0.0390607922879125,5.98686884054128e-05
46,34,-0.0459364318216573,5.35833732147974e-05
46,35,0.0537525336122916,5.49375969458875e-05
46,36,-0.0607985289772446,5.75624083535762e-05
46,37,0.0794746523230681,6.32929635307454e-05
46,38,-0.0528460516823732,5.82151527573235e-05
46,39,0.0597304214923188,5.41571152623472e-05
46,40,-0.045846914579532,5.4880556890372e-05
46,41,-2.35652055705692,0.0021369555358406
47,1,0.00646923662854874,4.70844211103712e-05
47,2,0.00190197302184411,5.66829081565757e-05
47,3,0.00174325827901409,5.90974391203622e-05
47,4,-0.00488015133973899,5.68338639602539e-05
47,5,-0.00655487932982556,5.42487355678331e-05
47,6,-0.00160519825395775,5.60394861158798e-05
47,7,0.0135133588782433,5.86024297302014e-05
47,8,-0.00621199697473886,5.60868275110985e-05
47,9,-0.00543879538389337,5.54932593864593e-05
47,10,-0.000936649169615166,5.51474372463276e-05
47,11,-0.00573697213336234,5.67217766291395e-05
47,12,-0.00620463301847313,5.8939361232512e-05
47,13,-0.000790856126155541,6.1841694636126e-05
47,14,0.00385761428330798,5.5234254315961e-05
47,15,-0.00252526285103947,5.53772306447627e-05
47,16,0.0121536532256335,5.88984353775854e-05
47,17,-0.00314073526965278,5.66366523453949e-05
47,18,0.0125159728043521,5.74042092768875e-05
47,19,-0.00461347096435453,5.96140067054699e-05
47,20,0.00174652497614358,5.78358391378604e-05
47,21,0.0468242047501374,5.64399722557975e-05
47,22,-0.0474601282726206,5.84711722014142e-05
47,23,0.0460547974480052,5.86830020041129e-05
47,24,-0.0623658063608185,5.84336120049878e-05
47,25,0.0587109835344734,5.70106593581877e-05
47,26,-0.0473152505935458,6.15438501356212e-05
47,27,0.0512574563397785,5.50369105025041e-05
47,28,-0.0603886573360651,5.97053240832364e-05
47,29,0.054869031673189,5.51122166149133e-05
47,30,-0.0424862880692055,6.01705773393939e-05
47,31,0.0613149939441111,5.75133691680611e-05
47,32,-0.0605741770079357,5.90007914131425e-05
47,33,0.0447286581083188,6.04839988807473e-05
47,34,-0.0506974976151696,6.14447471304454e-05
47,35,0.0516034180598377,5.97329168372885e-05
47,36,-0.0492436283867437,6.08302052138251e-05
47,37,0.0509672855268269,5.77038315762451e-05
47,38,-0.0481891231708982,6.21977618575422e-05
47,39,0.0545968868684851,5.7746693247858e-05
47,40,-0.0594039658325228,5.55790629707163e-05
47,41,-2.32190564225724,0.00213544646820348
48,1,-0.000925672612620904,4.67266178591477e-05
48,2,-0.00372008801387458,5.45499225472277e-05
48,3,-0.0105778518337043,5.84044234266967e-05
48,4,0.0118255353572352,5.97320911870702e-05
48,5,-0.0106522145848263,5.86900736529888e-05
48,6,-0.00965127278934159,6.16888262535979e-05
48,7,-0.0105755179102684,6.00430324186869e-05
48,8,0.0040929245135926,5.76806220494063e-05
48,9,-0.00389997092996212,6.19686285524129e-05
48,10,0.0037650780332782,5.38440620498091e-05
48,11,-0.00818013999955303,5.61447058043778e-05
48,12,0.0102390653185994,6.12722136579945e-05
48,13,0.00711211079219642,5.7088337056393e-05
48,14,0.00314756586733019,5.9543450182208e-05
48,15,-0.00442039909801003,5.70663057716586e-05
48,16,0.00013898148563202,6.12653912982713e-05
48,17,0.00917523264128054,6.07897377042982e-05
48,18,-0.013979131115124,6.09786854006032e-05
48,19,0.000247125285116408,6.00410911441309e-05
48,20,-0.00520680073347485,5.60140512544886e-05
48,21,0.0432234300876832,6.3087231262276e-05
48,22,-0.0499142787183381,5.77220854682485e-05
48,23,0.05462376696536,5.99073604317987e-05
48,24,-0.0555695255575352,6.01739836582672e-05
48,25,0.0473279978842344,6.03490441034872e-05
48,26,-0.0536851067761814,6.16430809745905e-05
48,27,0.0493576278406722,6.05764541235651e-05
48,28,-0.0345349909039756,6.21407720409283e-05
48,29,0.0435587787963749,5.8505262240664e-05
48,30,-0.0439270071922242,5.76096170302908e-05
48,31,0.0488921529606544,6.04017273631399e-05
48,32,-0.0436205182964908,6.05795753455226e-05
48,33,0.0428623329519241,6.32279310881751e-05
48,34,-0.0454080889759917,6.71310079422131e-05
48,35,0.0612459447549063,5.55502810048909e-05
48,36,-0.058116934287379,6.00242472771975e-05
48,37,0.0419076171892105,5.90309592400826e-05
48,38,-0.0403249638539962,5.39047521480698e-05
48,39,0.0559987585907131,5.85447504162153e-05
48,40,-0.0270945317841912,5.89721597060556e-05
48,41,-2.32078657724617,0.00213360454319
49,1,-0.00324237599939117,3.76710851391733e-05
49,2,0.000543041786525735,4.81561748550546e-05
49,3,-0.00979390884888571,4.3079511577361e-05
49,4,0.00107847168274435,4.68028374064852e-05
49,5,0.000532314795183085,4.33219507706739e-05
49,6,0.00186220763495931,4.42329840072112e-05
49,7,-0.00862359928603171,4.65204798270363e-05
49,8,-0.00296808912568898,4.61841910827479e-05
49,9,-0.00295247072233053,4.59920418275521e-05
49,10,-0.0045634222129838,5.48144254741643e-05
49,11,0.00238000887238009,4.46646947253467e-05
49,12,0.00480650223725475,4.80106969759561e-05
49,13,0.0017099447440413,4.26353161272306e-05
49,14,-0.00125217858082195,4.60563335508121e-05
49,15,0.00125881804741051,4.55985028995834e-05
49,16,5.63746671658757e-05,4.51691436396699e-05
49,17,0.0103107841890802,4.74940641547825e-05
49,18,0.00812864650132021,4.47434569191797e-05
49,19,2.17777064490743e-05,4.64246415288998e-05
49,20,-0.00452046746404522,5.02617153008075e-05
49,21,0.0555071794000485,4.45184731538493e-05
49,22,-0.054752839249338,5.18013958565426e-05
49,23,0.0403705658436945,4.86683825700516e-05
49,24,-0.0596932927333337,4.92442550397869e-05
49,25,0.0490832897321731,4.65033114628201e-05
49,26,-0.0605774012238918,4.68843544190172e-05
49,27,0.0500609871512713,4.83651131586814e-05
49,28,-0.0656587732683604,4.66711958387974e-05
49,29,0.0521489066492669,4.80826645603367e-05
49,30,-0.0407255858415672,4.61286741826742e-05
49,31,0.0455572934634738,4.4519615245267e-05
49,32,-0.047106542939226,4.6603142332813e-05
49,33,0.0483295142471046,4.83098196415607e-05
49,34,-0.0435520506561527,4.61919662595994e-05
49,35,0.0584622487924393,5.02919670292368e-05
49,36,-0.0446632293579749,4.69419009916411e-05
49,37,0.0330440179221788,4.29570267167424e-05
49,38,-0.0460324164036175,4.9394867678708e-05
49,39,0.0384171979346372,4.61365724046688e-05
49,40,-0.0597726793353239,4.89485941196727e-05
49,41,-2.4302018109257,0.00213646306691999
50,1,0.00240744032396405,3.46320862411399e-05
50,2,-0.00182115058087511,3.97790605700141e-05
50,3,0.00343639963440097,4.44874330160214e-05
50,4,-0.0100470669052762,4.33399724507988e-05
50,5,-0.000619011111141068,3.95160553319058e-05
50,6,-0.00377229327253191,4.13365136681951e-05
50,7,-0.00161354758502568,4.76410445303338e-05
50,8,0.00924519141823283,4.88141864822869e-05
50,9,-0.00771172457688249,4.45511520070768e-05
50,10,0.00245813992907352,4.42398405798359e-05
50,11,0.00103485489248236,4.79612236354447e-05
50,12,0.00625258850033787,4.45755659435313e-05
50,13,-0.00260302769500263,4.329761344874e-05
50,14,-0.00413071771589354,4.34158982940542e-05
50,15,0.0093354987399161,4.19875274515287e-05
50,16,-0.00879191881736222,4.43711353641695e-05
50,17,-0.00394477154217051,4.18435048786216e-05
50,18,-0.00500979367993289,4.2453944615449e-05
50,19,-0.00663167204417687,4.36810487422067e-05
50,20,-0.0042539450623031,4.02230861354189e-05
50,21,0.0649784796376538,4.67377897318526e-05
50,22,-0.0452317150387325,4.4220320645846e-05
50,23,0.0551894825543348,4.62073639505147e-05
50,24,-0.0515956953730373,4.5474259131136e-05
50,25,0.041507627620731,4.61592092688045e-05
50,26,-0.0538231022710772,4.17437307088925e-05
50,27,0.0580437615352198,4.42035022440763e-05
50,28,-0.063704284335178,4.46367510219832e-05
50,29,0.0432278249385861,4.36312474627435e-05
50,30,-0.0598334487134377,4.27042482281711e-05
50,31,0.0606981360817562,4.37884212309219e-05
50,32,-0.0453191045162794,4.0236654051616e-05
50,33,0.0403772918068213,4.2570915707007e-05
50,34,-0.0413425822854794,4.18699270855238e-05
50,35,0.0400583207804564,4.43804001122221e-05
50,36,-0.0520821947995876,4.35443379464344e-05
50,37,0.0395283423227669,4.48549346286261e-05
50,38,-0.0362995054072762,4.45388873559556e-05
50,39,0.038779191027745,4.25217050762605e-05
50,40,-0.0443115334897781,4.36483313302037e-05
50,41,-2.47155285287647,0.0021377727428044
