iteration,j,mu,sigma_2
1,1,-0.0116382805868815,3.25695926772233e-05
1,2,-0.0230176278241779,0.000603171154183688
1,3,0.0556316715233496,0.000278083314171515
1,4,-0.0744794300373372,0.000251820185312609
1,5,0.0513005460490115,0.000593156962456857
1,6,0.0564830412703432,0.000358428936399266
1,7,-0.0807739618346756,0.000230191515401815
1,8,0.00279657143154027,0.000258948918144084
1,9,-0.0556345098930086,0.000358218145993685
1,10,-0.00950569263547509,0.000163035373601235
1,11,0.0195018572507501,0.00077222929038129
1,12,0.045343589992054,0.000594835229926498
1,13,-0.0194846688496926,0.00092407273885692
1,14,-0.0284620182773192,0.000476065139529167
1,15,0.0441177453885505,0.000643786319045888
1,16,0.107587744414111,0.00065025425585812
1,17,0.0961549857236783,0.00028107686615697
1,18,-0.0100380194431145,0.000166411337766889
1,19,0.0619499188226493,0.000372763960023284
1,20,0.0581421805582181,0.000279512149538942
1,21,0.0644670155503061,0.000406987073155322
1,22,-0.152431474908062,0.000370351067201972
1,23,0.05115339797492,0.000258502557311895
1,24,0.0121902572602214,0.000924289587127386
1,25,0.00774332441717064,0.000236205860108016
1,26,-0.0435120987144107,0.000295458586552409
1,27,0.0409723121778367,0.000274955536654773
1,28,-0.0066111709999646,0.000219176385514518
1,29,0.0493087025011782,0.000272365283198224
1,30,-0.014813651730534,0.000548036604329678
1,31,0.0134372721757894,0.000229704629457095
1,32,-0.0571755791475946,0.000309192709412088
1,33,0.14319727668197,0.000863567745218114
1,34,-0.0748585825511736,0.000262858851097761
1,35,0.025513333156387,0.000349947391805952
1,36,-0.0474962123485918,0.000560180643665727
1,37,0.0794711224371701,0.000503108216235473
1,38,-0.0555721753393729,0.000322055809293219
1,39,0.134421394227736,0.000421687885718285
1,40,0.000800166601874283,0.000281411684454862
1,41,-3.30218822529871,0.00756661741122697
2,1,0.00706915953002649,7.02520409271484e-06
2,2,-0.00915308734939659,0.000112094980759689
2,3,-0.0248521796580465,0.000188868984330267
2,4,-0.00423500617358667,5.03085911024425e-05
2,5,0.0226459804780698,4.09872725683316e-05
2,6,-0.0240078930126142,0.000116263073455489
2,7,-0.0191716819227571,6.28813699578283e-05
2,8,0.0199505497673356,4.29794516742413e-05
2,9,-0.0183658458202007,4.81882059819669e-05
2,10,-0.00472960666589071,5.23066326668282e-05
2,11,-0.0156579581204688,8.99714659903602e-05
2,12,-0.00447613721125497,6.23985853583858e-05
2,13,-0.0627395552658663,6.84505785363291e-05
2,14,0.0204424950797893,4.91756156555318e-05
2,15,-0.020507270588745,6.4744261664547e-05
2,16,-0.0126124491027959,4.72809607337303e-05
2,17,-0.0297163486951674,4.48516568085604e-05
2,18,-0.0545789390959651,0.000116993019478409
2,19,-0.000621346103315693,0.000132366002846693
2,20,-0.00487500143832048,0.0001634075433338
2,21,0.0495475766788022,4.45984000967506e-05
2,22,-0.0523189289830946,0.000105981272496282
2,23,0.11150249400443,5.07863264386458e-05
2,24,-0.0502431590517095,5.67382288861489e-05
2,25,0.048809219898303,3.30072309053867e-05
2,26,-0.0503158622196083,9.00442584600836e-05
2,27,0.100975986196642,4.12579730651425e-05
2,28,-0.0333454872408687,4.17184476382699e-05
2,29,0.0331878811026901,7.56786976556308e-05
2,30,-0.00665075564446792,4.9973090927017e-05
2,31,-0.000378904503450517,8.58146485631566e-05
2,32,-0.0366756404528566,3.34579155054586e-05
2,33,0.0574454959760105,5.66190688118374e-05
2,34,-0.0406820834593562,8.73779524586269e-05
2,35,0.0859507174787409,4.45831414390621e-05
2,36,-0.0301889511083418,0.000195130428791317
2,37,0.0407401111859691,0.000127229051759482
2,38,-0.0952229084317274,4.94619938841338e-05
2,39,0.12211883993013,7.94067518689497e-05
2,40,-0.0135029478270245,8.15004250651276e-05
2,41,-4.15835781885924,0.00648748962552061
3,1,0.00885553127172688,3.50610681852856e-05
3,2,0.01168339200803,0.000566927841784377
3,3,0.000268533080709967,0.000317792146246867
3,4,0.0458867946679621,0.000479632659324082
3,5,-0.0184422948457101,0.000470447651838296
3,6,0.0415471069398375,0.000869875070357827
3,7,-0.00906166415260116,0.000363056488961557
3,8,0.0296761999615548,0.000632363378151781
3,9,-0.0484524176788184,0.000471998515231804
3,10,-0.0215767931469014,0.000681421433320828
3,11,-0.0189406793073658,0.000340278078230715
3,12,0.00264968445958344,0.000370005404003645
3,13,0.0173674699134195,0.000582587446427396
3,14,-0.0559658228249919,0.000387628334779351
3,15,0.00996536184791416,0.000720906570420297
3,16,-0.00741478624311765,0.000721511935703892
3,17,0.0374115326361035,0.000323345379056015
3,18,0.00463683087794872,0.000318654992931853
3,19,-0.0230843844567815,0.00062902899414416
3,20,0.0209446314280722,0.000736684542688227
3,21,0.0365313804572396,0.000888787020865344
3,22,-0.0842656720507133,0.000773869447359063
3,23,0.048728739020071,0.000437978467261781
3,24,-0.00303606456991015,0.000655498875839427
3,25,0.00945399299756394,0.000792543315369552
3,26,-0.0278130077226851,0.000200342826203379
3,27,0.047660567985366,0.000848103818093894
3,28,-0.0449372068013612,0.000790457242176017
3,29,0.0493047396706668,0.000359015290904439
3,30,-0.0579745951787624,0.000630552584833023
3,31,0.0656037096237505,0.000748975825240469
3,32,-0.0236195298838533,0.000331447753025554
3,33,0.0744375813938789,0.000352137464450206
3,34,0.0136656591004752,0.000437049556268026
3,35,0.0669786093169636,0.000714009852709687
3,36,-0.0357422510941786,0.000612174792121396
3,37,0.0252991130560835,0.000759576541742913
3,38,-0.0520157850342774,0.000812173607674392
3,39,0.0197385783721005,0.000268009003260645
3,40,-0.116705414267521,0.000434747375248815
3,41,-3.2132472480984,0.00761186736191652
4,1,-0.00373551654594448,6.25730010014213e-05
4,2,-0.0402658960797829,0.000277113972605454
4,3,0.00445106257087089,0.000588875199419973
4,4,0.0104855076808077,0.000442332734059081
4,5,0.0694607112726335,0.00124788654219001
4,6,-0.0219817238901732,0.000621008787084177
4,7,-0.032928122082842,0.000386094538641752
4,8,-0.0268812522203313,0.000563511367673002
4,9,0.0230712636830156,0.000666882425620838
4,10,-0.00684584964457737,0.000480260379139594
4,11,0.0483063783648928,0.000505143095378193
4,12,0.0207170739295049,0.000382764780324159
4,13,0.0217222014356894,0.000624145674569171
4,14,-0.0575695107166799,0.000836939594564729
4,15,1.81821839818659e-05,0.000315874377023389
4,16,0.00150904659519649,0.000424322520880326
4,17,0.00101811040878926,0.000524355961152638
4,18,0.00132869162349297,0.000455604160644932
4,19,0.0375450290765597,0.000643948929355795
4,20,-0.0186492953376538,0.000935902761697644
4,21,0.00341005728650682,0.000396469517821288
4,22,-0.00333388949137887,0.000284659311304245
4,23,0.0324348636913883,0.000594561377306499
4,24,-0.114524960006282,0.000466023038155971
4,25,0.0663693057176983,0.000811309727661142
4,26,-0.0320320848867224,0.000338427149882209
4,27,0.0235426314301098,0.00169958418597308
4,28,-0.0387969377023903,0.00107431335852105
4,29,0.102276720472108,0.00101281589197761
4,30,0.00285115227234645,0.000339469078330521
4,31,0.0600930049005364,0.0010553736653751
4,32,-0.0511290759687955,0.000856796744801151
4,33,0.0375354287512735,0.000758263580536978
4,34,-0.072730523157125,0.000715051473756774
4,35,0.0240139308402981,0.000455354394058392
4,36,-0.0377117366257354,0.000437881962232667
4,37,-0.0261046145256197,0.000891694753078391
4,38,-0.0905886900695214,0.000309697042308983
4,39,0.0128923482988152,0.00067251194906055
4,40,-0.0902829138227227,0.00107599729602243
4,41,-2.96746729802204,0.00738917340721269
5,1,-0.00188803002954552,8.46176580559784e-06
5,2,-0.0348843532946196,6.65784155665445e-05
5,3,-0.00710729152743872,0.000226970240005211
5,4,-0.0138702086442789,4.23529002536946e-05
5,5,0.00374720394637119,4.31657143071791e-05
5,6,0.00862713843104053,6.76219232833486e-05
5,7,0.0125061230732375,5.22273698955386e-05
5,8,0.0038539185295151,8.25071772013138e-05
5,9,0.0273594852094404,8.24039782720241e-05
5,10,-0.0194661229791754,6.35433591551547e-05
5,11,-0.00512445915609274,7.2679647069195e-05
5,12,-0.00635820540412664,0.000171654914350324
5,13,0.00113808707683888,4.58067842075949e-05
5,14,0.0158243307971079,0.000103087275674018
5,15,0.0595229400688124,4.06497730137477e-05
5,16,-0.0365019149087341,0.00024280634112676
5,17,0.0206943825167911,9.98578668038555e-05
5,18,0.00172729114784584,7.40880659242025e-05
5,19,-0.0515019684397665,0.000107126746032266
5,20,0.00295806286038392,8.49867790539873e-05
5,21,0.0302400996028837,7.64385197711212e-05
5,22,-0.0514754997731539,2.83288510369703e-05
5,23,0.0278723866832479,8.57696609888992e-05
5,24,-0.0395185083349194,5.4311713205738e-05
5,25,0.00674696547139384,5.14579823708041e-05
5,26,0.00660334810580001,9.29178890912562e-05
5,27,0.0310988703047254,4.60520416089395e-05
5,28,-0.0670723626392451,7.29295535750841e-05
5,29,0.0747325954416343,5.21282858227808e-05
5,30,-0.0718442243992711,4.63457250516097e-05
5,31,0.117211819451376,7.84667991252456e-05
5,32,-0.128750404285078,9.78505906962797e-05
5,33,0.0208123452387241,0.000166255296337872
5,34,-0.0778920903629415,5.77498530002752e-05
5,35,0.0571936505847736,0.000160702712050026
5,36,-0.0778544482632694,6.40521922445056e-05
5,37,0.0119640985486317,9.22303192755175e-05
5,38,-0.11062634718282,4.27134455539148e-05
5,39,0.0406485371675344,7.03549776512343e-05
5,40,-0.0228155217972321,8.97523231082494e-05
5,41,-4.04421116557179,0.00668973168440716
6,1,-0.00126504974698685,9.14259095383693e-06
6,2,-0.0106031845396,0.000121319108241502
6,3,-0.0469654490397673,0.000304765737516536
6,4,-0.0369047048843626,0.000436438555354536
6,5,0.027482308486632,9.71111631769896e-05
6,6,0.0103181945486247,0.000332276991234158
6,7,0.00713111708286553,0.000118404908395911
6,8,-0.0135778598264791,0.000142467046696837
6,9,0.0128508237087807,0.000308391702752634
6,10,-0.0457522226258789,0.000131660389411695
6,11,0.0449492480696496,0.000293715499930622
6,12,-0.0465340708211589,0.000308270344516943
6,13,-0.0522972409327892,0.000368283209376897
6,14,0.0356108424758457,7.77976764630375e-05
6,15,0.00884625860210689,0.000162387040171764
6,16,0.049757461736841,0.000333955818999274
6,17,-0.0426563557154009,0.000183860042085917
6,18,0.031878477796835,0.000633543809672965
6,19,0.00503905090764822,0.000217434045391096
6,20,-0.00236004837648851,0.000287130683218947
6,21,0.0243997847679332,0.000167470434381404
6,22,-0.0418521684495873,0.000217406468206127
6,23,0.0492587029596567,0.000103713762937123
6,24,-0.0496365379319496,9.72058507953537e-05
6,25,0.102828974887847,0.000115552609934475
6,26,-0.12205408268464,8.73580566330058e-05
6,27,0.0142707788266102,9.90169864447541e-05
6,28,-0.0536641444437624,0.000393151536505782
6,29,0.0392604787093984,0.000162269094536474
6,30,-0.0294809835624246,0.000170633803997048
6,31,0.046766596627823,0.000273118674051644
6,32,-0.0962949747851354,0.000243400602652824
6,33,0.0917261139646717,0.000162273060626386
6,34,-0.0477081009964295,0.000171837735414739
6,35,0.0977333498378019,0.000159138970008805
6,36,-0.0621686710838711,0.000524797158850249
6,37,0.0780997116728852,0.000366968671319562
6,38,-0.0742767749025293,0.000485209523526694
6,39,0.0862897044442602,0.000205310163179989
6,40,-0.0418216447464257,0.000192998668327581
6,41,-3.83875490335625,0.00721980874986963
7,1,0.00427899512717771,7.68073081266839e-06
7,2,-0.0089094176839912,4.9620680635111e-05
7,3,-0.0104953001605153,6.59167877147367e-05
7,4,0.0099633129536247,0.000112805272862999
7,5,0.00553633933285727,5.33774896924059e-05
7,6,0.0340597387165547,4.53149659228993e-05
7,7,-0.00925193848821908,0.000133942449949275
7,8,-0.0352124270773663,6.7717978668381e-05
7,9,0.028092171393167,9.03614478583509e-05
7,10,-0.0391921929319023,9.07084696696149e-05
7,11,-0.0162904365534485,5.73485258971271e-05
7,12,-0.0310066163422962,5.90200108926674e-05
7,13,0.0646911838798864,9.3877995629515e-05
7,14,0.0517828768058572,0.000111768590483034
7,15,-0.0241148291946615,4.14445328204997e-05
7,16,0.0470551265699325,0.000134705664392465
7,17,0.0145277459878738,6.51906818615751e-05
7,18,0.0594993128144306,0.00015507711342012
7,19,0.00107110128116988,8.2808357491932e-05
7,20,0.0109763423270223,9.66968046552439e-05
7,21,0.0149965107328111,5.70783869439856e-05
7,22,0.00995945309925978,9.86159567257745e-05
7,23,0.101874049536792,0.000206069535620912
7,24,-0.0894313665021956,0.000249978107982672
7,25,0.112123977947163,0.000137077312898724
7,26,-0.0462565420678102,7.22833959894795e-05
7,27,0.0256395807913996,0.000293194935277581
7,28,-0.055080642385793,0.000144449981589596
7,29,0.0265343626321911,7.74019136951598e-05
7,30,0.00273385385502256,0.000193365075014401
7,31,0.044579599128295,7.93710060566178e-05
7,32,-0.0890815901137907,0.000153097600020046
7,33,0.0708414426504361,6.23882212621239e-05
7,34,-0.0460987656764948,3.56739747298267e-05
7,35,0.00103270707021973,6.93825729804063e-05
7,36,-0.046450723196847,0.000209871606229821
7,37,0.0838114553784196,9.20397740929892e-05
7,38,0.0242731210900355,0.00014861116046193
7,39,0.00626698760947421,5.09656511325785e-05
7,40,-0.0815155629867644,0.000114803318843908
7,41,-3.96720956670818,0.00665310938321004
8,1,-0.0208829872292674,4.98672100565661e-05
8,2,-0.058840068251837,0.000481358071312597
8,3,-0.00626005292502434,0.000567204528039879
8,4,-0.027045316595799,0.000396395682720135
8,5,-0.0174757134796214,0.000921400933438102
8,6,-0.0135705454613599,0.000331633304122597
8,7,-0.0805742298864624,0.000728494881574498
8,8,0.00655354736704211,0.000430524960056443
8,9,0.000387272402419798,0.000760168191220791
8,10,-0.032324880717972,0.000225142541578205
8,11,0.0432921066264315,0.000545444677984469
8,12,-0.0650947363070004,0.000413159357732075
8,13,0.00449299749940948,0.000435828352142767
8,14,-0.0184953049344087,0.000497820515613685
8,15,-0.00605141105507069,0.000518476319040584
8,16,0.079141927153166,0.000642678628400627
8,17,0.0161161142062634,0.000531464579592485
8,18,0.0136845276208669,0.000314671363351062
8,19,0.0122899647134936,0.000723773258530426
8,20,0.0390006636856564,0.000517577061348425
8,21,0.0673068539864449,0.000305723996253792
8,22,-0.121750510562397,0.00108290167847599
8,23,-0.00906177704465875,0.000438372396615069
8,24,0.0147620931089744,0.000490027338339169
8,25,0.00898868122035869,0.00036411101279016
8,26,-0.0631211909918722,0.000383413472672522
8,27,0.013840882217363,0.000307670570774923
8,28,-0.0232301994755569,0.000675159957771013
8,29,0.00890634940919109,0.000762894213720027
8,30,-0.0284360967289934,0.00047904731201921
8,31,0.132947489513965,0.000791615294836376
8,32,-0.0759112217441463,0.000363145416751954
8,33,0.0384664827255043,0.000696340501529452
8,34,-0.047763315179206,0.000468016230448408
8,35,0.138268816709221,0.00129263816146242
8,36,-0.00275532851354329,0.000875512813433777
8,37,0.0142254680046279,0.000452953682924053
8,38,-0.048296630981521,0.000763451946560023
8,39,-0.0395876618899932,0.00155531398658013
8,40,-0.00791665235126993,0.000267223778509951
8,41,-3.07052944402289,0.00738428815258621
9,1,0.0159350783237898,3.80580189577388e-05
9,2,-0.0339248090713019,0.000354334201134342
9,3,0.0180455282193504,0.000363519459801611
9,4,0.0283106392755163,0.000597230532432992
9,5,0.0363676454367593,0.000252467995075351
9,6,0.00677601252676014,0.000702759538865474
9,7,0.000868243116612664,0.000714053870112107
9,8,0.0389883874037256,0.00063701994155123
9,9,-0.0353834029172497,0.000239849505699378
9,10,-0.0063687986827643,0.000228133198131566
9,11,0.0418670180018031,0.000321200921305795
9,12,0.0162482243091203,0.000423048198086941
9,13,-0.0265167879146831,0.000211559615112165
9,14,-0.0414649996433985,0.000660601544131441
9,15,1.82597829944781e-05,0.000430371526481347
9,16,0.0497808575402466,0.000283350479446374
9,17,0.0344767879659249,0.00039924508596289
9,18,0.0347903542154965,0.000302583745409681
9,19,0.0509312879523124,0.000518393149222986
9,20,0.0473670340765587,0.000504752737246047
9,21,0.0669923099815133,0.000930998305899544
9,22,-0.0801801760585604,0.000460852245489365
9,23,-0.00684008964494289,0.000185740472729324
9,24,-0.0686731438204537,0.000721617422995359
9,25,0.0588711833002092,0.000724818458637493
9,26,-0.0412271383373281,0.0004477210523102
9,27,0.110659565021491,0.000323392023493173
9,28,-0.0500277050917432,0.000499964710753004
9,29,0.00407631747333272,0.000352122871014462
9,30,-0.00347568030381388,0.000201306385896814
9,31,0.0247867041209398,0.000582019707153722
9,32,-0.0672132061880762,0.000191735358275523
9,33,0.0502343321641044,0.000241663523375045
9,34,-0.095960527503368,0.000393538266898235
9,35,0.0762273516849012,0.000273731081841502
9,36,-0.0369093574151246,0.000393848625165118
9,37,0.0844682064577134,0.000329035037069857
9,38,-0.0222212057868914,0.000188834535120908
9,39,0.0146487530219467,0.000464835733445539
9,40,-0.0450055598773589,0.000363427639879648
9,41,-3.29587034692904,0.00732836684919593
10,1,0.0112988311089702,6.59713561826296e-05
10,2,-0.012493884940221,0.000782528510915354
10,3,-0.00372221253433948,0.000472245497768751
10,4,0.00157757783121275,0.00039978784277982
10,5,0.0300434609643717,0.000828743399949102
10,6,-0.105322706161359,0.000950785138908906
10,7,-0.00468239941174184,0.000767309285820419
10,8,0.027574415244412,0.000304586762362933
10,9,0.0423759431994196,0.000459615667189743
10,10,0.0386338046736094,0.000376151050021793
10,11,-0.0141298926924906,0.000886065992644951
10,12,-0.0933016902455333,0.000938837428425671
10,13,0.00587742016114149,0.000329329714578475
10,14,0.016144845635362,0.000653898653535762
10,15,0.0262681476119838,0.000818802220520359
10,16,0.0322769167693751,0.000564300234533811
10,17,0.0158309263961934,0.000842395358687316
10,18,-0.0274514679847421,0.000540632093950213
10,19,0.0161715932056376,0.000628135597581628
10,20,0.0757028875671455,0.000642285299225926
10,21,0.107076671422516,0.000436745012286272
10,22,-0.155100909482695,0.000479000915526701
10,23,0.0670230489219788,0.000869002667778314
10,24,0.00172775978619485,0.000934907303333208
10,25,0.0009357960939261,0.000715643108672357
10,26,0.00624342525162039,0.000324465036208427
10,27,0.0471054373657094,0.000628834039570555
10,28,0.0683046281266358,0.000509656159607443
10,29,0.0118934014579129,0.000571569091204595
10,30,-0.114527496133436,0.000824180704517297
10,31,0.0469738245124812,0.00105941177755074
10,32,-0.0470874699452559,0.000550599137568483
10,33,0.0386624396092326,0.000513688552336277
10,34,0.00543699327109079,0.00073031020429199
10,35,0.0380264817126763,0.00158116504581312
10,36,0.00633038482238307,0.000886081410335666
10,37,0.038306295601319,0.000904443068134572
10,38,-0.02005533715089,0.000643069589972612
10,39,-0.0156902918887084,0.000967332580315434
10,40,-0.0540306152863929,0.000636052017957533
10,41,-2.92281211685633,0.0072050904205162
11,1,0.00929594997417019,3.67408943969008e-05
11,2,0.0281877045285315,0.000419030499280195
11,3,0.0222872102247791,0.00016538340364563
11,4,0.0433595584649187,0.000609187192560772
11,5,-0.0612445143037149,0.000468662415684263
11,6,-0.0268433938454808,0.00048897915304311
11,7,0.0454708011733214,0.000769553751020152
11,8,-0.117421065745976,0.0011000956631699
11,9,-0.0443137276082227,0.000557425304945037
11,10,0.0534493395669599,0.000362010932498934
11,11,-0.0221680114876002,0.000658818891713942
11,12,0.0331106791418498,0.000818484036362506
11,13,-0.0444833223719064,0.000256222871920997
11,14,0.00566447461860908,0.000551216453225938
11,15,-0.0883302044931106,0.0011046094214326
11,16,-0.122527264866944,0.000410584613290995
11,17,-0.0196997728025598,0.000407718910666823
11,18,-0.00361359526394132,0.000807286687658491
11,19,-0.093400165913734,0.000962595409898246
11,20,0.106555555041456,0.000851707230403708
11,21,-0.021768558367013,0.000565235498689704
11,22,0.0255152935312091,0.000453636151294024
11,23,0.0588184654423471,0.000347348941575933
11,24,-0.0315145625612463,0.000544654544299571
11,25,0.0894209731391339,0.000562375273316914
11,26,-0.0105930106188098,0.000537343148243787
11,27,0.0243663638398081,0.000469786724728141
11,28,-0.0844621459497319,0.00143630058665628
11,29,0.0239702538658228,0.000369938043054685
11,30,0.0100022856435454,0.000785535183223332
11,31,0.100465378931382,0.000922650737709978
11,32,-0.039646559894229,0.00043270844907117
11,33,0.101541557862765,0.000491657721263836
11,34,-0.0400152244846388,0.000914690516692073
11,35,0.107853294131023,0.000250358494417339
11,36,-0.0722515644666671,0.000324207200969866
11,37,0.0384300333049938,0.000253744737758702
11,38,-0.0713797040823459,0.000675607200575558
11,39,0.0589567209225463,0.00030702950763252
11,40,-0.0978307572634192,0.000439639523334812
11,41,-3.23981985767096,0.00749260249812259
12,1,-0.000952336499423607,6.50019858279214e-06
12,2,0.0148688123762524,6.25021086418359e-05
12,3,0.0778481164162117,0.000255740305740541
12,4,0.0394252741201027,0.00015670525904018
12,5,0.0415222868301509,5.33421631050072e-05
12,6,-0.0287029440261908,0.000166440337301075
12,7,-0.0245771018079611,0.000114705320712266
12,8,0.0164254012222292,5.6887550292372e-05
12,9,-0.049216443177294,0.000277614421532965
12,10,-0.00255784248952698,7.48196393356301e-05
12,11,0.00537326703619134,0.000122921377817657
12,12,-0.00302227475857671,0.000220275753493127
12,13,-0.0127275259759446,0.000109507944490434
12,14,0.0417578404059466,0.000291565793147813
12,15,0.0352734677577802,0.000218923543502478
12,16,0.0203340756455495,7.76492800434956e-05
12,17,0.0177064790992386,0.000221193584849193
12,18,0.000135768563601055,4.31591698878285e-05
12,19,-0.0371384711546996,8.69831285008721e-05
12,20,0.0231388528644881,7.0642834689896e-05
12,21,0.0899310648081138,0.000162084280693794
12,22,0.000967319862198109,9.64393515794512e-05
12,23,0.0651669651592623,3.94924045335773e-05
12,24,-0.0526358525278104,0.000103268658147527
12,25,0.060837982387421,9.842310975648e-05
12,26,-0.0346937362198288,3.99072533363221e-05
12,27,0.0218592020862275,0.000353738161965424
12,28,-0.0199976667085604,0.000137280589999683
12,29,0.0936716793339855,0.000247320406212187
12,30,-0.0860403832573833,3.42128971496592e-05
12,31,0.0760031819183799,6.43150092562575e-05
12,32,-0.0647370328257462,4.81741628968945e-05
12,33,-0.00223830857733042,0.000110774873926601
12,34,-0.0200578379679666,9.65866497980435e-05
12,35,0.0309825247969427,4.68766257594648e-05
12,36,-0.038402988507301,0.00021656027522668
12,37,0.0649379199822871,5.96445087936738e-05
12,38,-0.069272070772256,2.28163620252465e-05
12,39,0.0701801298257877,0.000115800026619539
12,40,-0.036413247020196,5.55791348267137e-05
12,41,-4.18653946149404,0.00530226924346557
13,1,0.00066520416315779,1.24541261808519e-05
13,2,-0.0332534790890163,0.000173563412785
13,3,0.0517677608810295,0.00020216794615152
13,4,-0.017348858092141,0.000320172552739996
13,5,-0.0546183840197266,0.000207909133922571
13,6,-0.0092370092061038,0.00014601338190615
13,7,-0.0512882110882053,0.000441190190602031
13,8,-0.0279093664746693,0.000223330800070323
13,9,0.0223708086162783,0.000134112026935736
13,10,-0.0703402144114576,0.00024912668683107
13,11,0.0407572119826709,0.000188292725436159
13,12,-0.0460139758453728,0.000424043186304702
13,13,-0.00882852319350821,0.00017660459092923
13,14,-0.00460163072090089,9.73548033225327e-05
13,15,0.0403751625439064,0.000123146816633034
13,16,-0.0508788589181106,0.000257334944519987
13,17,0.011879309487554,0.000284125350983825
13,18,-0.0414630102206971,0.000408927109864085
13,19,0.00627047451263863,0.000274419783986822
13,20,-0.0618204170320005,0.000297701520100832
13,21,0.0511424162472762,0.000137037775246123
13,22,-0.143020665095563,0.000278747008497093
13,23,0.150083223735425,0.000115479018121478
13,24,-0.0624059905826356,0.000384894460485071
13,25,0.0450727878892146,0.000177646613762399
13,26,-0.0320727905483291,0.00010486946429889
13,27,0.000928011540444346,7.41492420750248e-05
13,28,-0.0957834882628029,0.000214261086534419
13,29,0.0914579234621996,9.32193466509628e-05
13,30,-0.0494655314019068,0.000532244012715467
13,31,0.0742260048355459,0.000342565820668356
13,32,-0.0778090633171496,0.000148543419033008
13,33,0.0730071129928569,0.000129427688424231
13,34,-0.102990770781088,9.09155157050513e-05
13,35,0.0538823448953795,5.26836851560836e-05
13,36,0.0128711428243257,0.000122411513833584
13,37,0.0453665892523029,9.96785388712192e-05
13,38,-0.0368399180313341,0.000169915155688119
13,39,-0.00410413486374721,0.000180951671129031
13,40,-0.0294799931293396,8.47057630265846e-05
13,41,-3.72982810232328,0.00729479394923004
14,1,0.0267405399954152,2.06851084109242e-05
14,2,0.131249309117874,0.000594981607031374
14,3,0.0316898605248715,0.000231732718289813
14,4,0.0347045871479726,0.000483123453218045
14,5,0.0152754389395148,0.000365452811684023
14,6,0.00357904681691756,0.000123170898612806
14,7,-0.0343676032263004,0.000214765765188439
14,8,-0.0244531408697004,0.000336487317634444
14,9,-0.0165394105093269,8.78779633934716e-05
14,10,-0.000656475811849617,0.00019376775571797
14,11,0.0353827085090116,0.0002738673824654
14,12,-0.0658929100729425,0.000293096155998363
14,13,-0.00380707482874793,0.000162948583242607
14,14,0.0790226442826288,0.000239901601535862
14,15,0.00588585768206181,0.000305369623196532
14,16,-0.0276394696221039,0.00020124999142475
14,17,-0.00597967973339269,0.000118655955336212
14,18,-0.0458481155379992,0.000142575634310608
14,19,0.00481326477153944,0.000160042003115376
14,20,-0.0275199734530995,0.000407333140957678
14,21,0.0708250398522409,0.000275797304351969
14,22,-0.0516899284467201,0.000103238481272582
14,23,0.0886970184433223,0.000190791566769785
14,24,-0.00599634116890164,0.000146295413187942
14,25,-0.00835250121891076,0.000297853187081781
14,26,-0.0929427827913858,0.000277173072577287
14,27,0.0436620274288932,0.000283651607739709
14,28,0.0140692254906715,0.000561042732201425
14,29,0.066519896925347,0.000171515904531698
14,30,-0.00132219971452897,0.000178466631368632
14,31,0.13265638400241,0.000249253328949524
14,32,-0.117548941121062,0.000176572413345118
14,33,0.0445382432483728,0.000273484403157511
14,34,-0.0768930298576908,0.000398726068609933
14,35,0.0742696617393079,0.000189300121506182
14,36,-0.0604287768476226,0.000175503144411956
14,37,0.0856391447315103,0.000177984001484695
14,38,-0.197987132771471,0.000516899813864597
14,39,0.100508733313668,0.000478647148250172
14,40,-0.0454030570730191,0.000106931725999957
14,41,-3.58693752716249,0.00741527280043648
15,1,0.0191413240178276,7.15707063004076e-06
15,2,0.0403253601601161,7.98501934737236e-05
15,3,0.00322656778615678,2.89176004902287e-05
15,4,0.0463915946539905,5.5718604684338e-05
15,5,-0.00137831567821771,4.92022030244136e-05
15,6,-0.0272362311949264,6.15720939574512e-05
15,7,-0.00469495973674572,0.000168252990886781
15,8,0.0471864988527035,0.000107205171149856
15,9,-0.045133414045704,9.77588690542728e-05
15,10,-0.00614981033469663,0.000135057267998716
15,11,0.0739650035221005,8.96531441160517e-05
15,12,0.0998214166475082,5.39704933246252e-05
15,13,-0.0231533536454273,5.88494509641962e-05
15,14,-0.0205314194323161,0.000129881023838303
15,15,-0.0150246264999069,8.24684574148142e-05
15,16,0.0315253702359144,7.76407381712785e-05
15,17,0.00275636559131467,9.04583296230274e-05
15,18,0.0197246019690004,0.000110606045077878
15,19,0.126296385047963,0.000373300996544579
15,20,0.0120024558202475,3.74391982501574e-05
15,21,0.0767569969448877,4.14409026869046e-05
15,22,0.0172485928637555,9.15939351055409e-05
15,23,0.0370966630070933,4.72266120105825e-05
15,24,-0.0146867587372545,0.000148409695960944
15,25,-0.00192565458395584,3.77765191698543e-05
15,26,-0.0373623992111969,5.77713952420909e-05
15,27,0.0100427789844446,4.38676250850208e-05
15,28,0.0149447026166721,8.17196975236943e-05
15,29,0.0890589993144234,7.68371349413801e-05
15,30,-0.111634028981661,0.000299046018076107
15,31,0.0937457407690912,0.000246131005612241
15,32,-0.0532967349659067,4.40056086464156e-05
15,33,0.0328832215561458,7.82560767605394e-05
15,34,-0.126784332084591,0.000107438391196766
15,35,0.0320089917133184,0.000327276327644974
15,36,-0.077325917509378,8.32170169687254e-05
15,37,0.00347072569235224,5.40243717776691e-05
15,38,-0.0782579217779763,0.000144527463075324
15,39,-0.0324061994366718,7.97946919361758e-05
15,40,-0.0593852375302587,0.000221710968562819
15,41,-3.99889758322956,0.00668187769147446
16,1,-0.0376561197477702,3.92404184296353e-05
16,2,-0.0319428127388327,0.000232456790399392
16,3,-0.0589877991363373,0.000332849641303996
16,4,-0.036929367642801,0.00037544129750032
16,5,0.0288272868641014,0.000719455331776579
16,6,-0.0261195458332641,0.0003298545785599
16,7,-0.00811073979882529,0.000218874893281513
16,8,-0.00994512253969731,0.000418860238423027
16,9,0.0245645744843395,0.000204498336586872
16,10,0.017305841519961,0.000405451656430649
16,11,0.00772884003135047,0.000207934422947224
16,12,-0.0258754680941396,0.000180784839768914
16,13,-0.00375301151693196,0.000709800073761289
16,14,0.0177405229347354,0.000780728175245983
16,15,-0.054103831694432,0.000504560153601785
16,16,0.0384032944337937,0.000173670094769479
16,17,-0.032597838900788,0.000293329617008136
16,18,-0.0141540328852706,0.000346843494580259
16,19,0.0768096468686774,0.000689582205052764
16,20,-0.0123681820171476,0.000214524228083336
16,21,0.0925696999367897,0.000675699810935298
16,22,-0.0576963315595157,0.000240794257471351
16,23,0.100275359584118,0.000305090907668814
16,24,-0.0694617155030792,0.000642421171268082
16,25,0.00452910571593911,0.000171102059703521
16,26,-0.0566986887196071,0.000295196543661329
16,27,0.0550459129324553,0.000594571688244232
16,28,-0.0431142139295556,0.000206297999579329
16,29,0.0241182533228171,0.000848246140916114
16,30,-0.106099576845123,0.000487783131377048
16,31,0.0481473284197842,0.000299767857439185
16,32,-0.0326393125213347,0.000551015918810611
16,33,0.0964768745517662,0.000762575515792756
16,34,-0.00887741038324893,0.000584501591501359
16,35,-0.0133929486161396,0.000213389969959993
16,36,-0.0147474800669752,0.00066405668256398
16,37,0.0638180034122888,0.000169508550392977
16,38,-0.035952074948604,0.000448284694721378
16,39,0.141902421649585,0.00198796928549276
16,40,-0.0902395457227458,0.000218200561594851
16,41,-3.28696909250409,0.00769617831144475
17,1,-0.040744624804723,1.46491291560171e-05
17,2,-0.0132275569526178,0.000280080202687336
17,3,0.00378514795037854,0.00011306507961962
17,4,-0.0131291182308081,0.000116217573314602
17,5,-0.0110735817783776,0.00029422601165426
17,6,0.0272927256626949,0.000226074060225312
17,7,-0.0281369405092196,0.000429739110372544
17,8,-0.0630984247868452,0.000187017122355645
17,9,0.0261172872407159,0.000285528507849592
17,10,-0.00219673468781097,0.000140262495283118
17,11,-0.0468292608540359,0.000245601862235331
17,12,0.00149264033483985,0.000226197394239152
17,13,0.0472456486811684,7.89300179999978e-05
17,14,-0.0010136787116885,0.000103596277105517
17,15,0.0286272735439737,8.55368479510111e-05
17,16,0.00486203497439304,0.000123871738307371
17,17,-0.0343533474103018,0.000272742834159205
17,18,0.0208265315154363,0.000368469269226905
17,19,-0.0467938625308056,0.000351198108234217
17,20,-0.095692698847941,0.000134118317284159
17,21,-0.0012384209444762,0.000163749030911094
17,22,0.0204913578293581,0.000196820690694281
17,23,0.0420052190413774,0.000317772258207699
17,24,-0.0672025745835386,0.000253507934589816
17,25,0.0643703312876118,0.000102092102232209
17,26,-0.0708276058137243,0.000161977256018348
17,27,0.0160632495922442,0.000220003619518479
17,28,-0.0541696251901546,0.0001233603322061
17,29,0.068928896455724,0.000136419202457995
17,30,-0.0352144698474899,0.000154818422975928
17,31,0.0403112023619446,0.000113884668594264
17,32,-0.075272808843137,0.000220685877374164
17,33,-0.0225521633383304,0.000120249357516954
17,34,-0.0331652302357563,8.55847239014594e-05
17,35,-0.0021635793781597,0.000147250627414673
17,36,-0.00594953780702769,0.000208393304825975
17,37,0.0756987145663277,9.48988846250856e-05
17,38,-0.027455387413335,0.000140733703733053
17,39,0.0529351256188923,9.45121446855317e-05
17,40,-0.082072996410359,0.000123182081305656
17,41,-3.71369863470657,0.00726023906334964
18,1,-0.00911839381740663,1.27338547203608e-05
18,2,-0.0106340224101173,0.000101683688044665
18,3,0.012363277916932,0.00014170265853123
18,4,0.0141648499870177,0.000209437037235278
18,5,0.0112924388498666,0.000237147441670833
18,6,0.0251063785886401,0.000116309634144089
18,7,-0.00535267438323974,0.000195228796139158
18,8,0.0733080457252979,0.000183894238432276
18,9,-0.0422632967176712,7.04497521781871e-05
18,10,0.0215846630290118,9.33700457845761e-05
18,11,-0.0142216378512788,0.000107195851348877
18,12,0.00949683438468826,4.80130409119347e-05
18,13,0.0285861673015628,8.50298301272454e-05
18,14,0.0345991573267238,8.30326865084416e-05
18,15,-0.0718533911613246,0.000104708141310489
18,16,-0.0276385161639115,0.000124410713415194
18,17,-0.0254879355527011,0.000357031477893393
18,18,-0.0008326528355108,7.80395775838868e-05
18,19,-0.0155596176786855,9.34153462069962e-05
18,20,-0.0355347310962212,3.65512829796864e-05
18,21,0.0432898919307855,0.000167606441264705
18,22,-0.0519563637791952,4.83033212655119e-05
18,23,0.0135733247071673,0.000112384107855518
18,24,-0.143117274148332,0.000250986991730162
18,25,0.0345535900605173,0.00012865048895494
18,26,0.0088019465265423,0.00020831426190096
18,27,0.0371936704567878,9.28832986080287e-05
18,28,-0.0704943916593369,0.000227629364204992
18,29,0.0422679478131502,0.000126218620281304
18,30,-0.0883978376740958,0.000296751088382848
18,31,0.0973179326237653,0.000273356404653493
18,32,-0.0357490769368941,6.61203401545005e-05
18,33,0.0651577089827141,9.96633164904738e-05
18,34,-0.0538442924435351,0.000114863494150781
18,35,0.0460461671019919,7.04951634406369e-05
18,36,-0.010369839533124,6.00119013665784e-05
18,37,0.088269426113778,0.000129007700917883
18,38,0.00466450605636863,0.000133375146670761
18,39,0.000532893596306175,4.50036185609976e-05
18,40,-0.0693966560599342,6.61564404206384e-05
18,41,-3.88088953182381,0.00682571623939349
19,1,0.010831320174101,3.15202494786006e-06
19,2,0.00676069660787666,5.98768855478909e-05
19,3,-0.00168791364437349,2.68708445022382e-05
19,4,0.0512517798414077,2.04972870305413e-05
19,5,-0.042127289334554,2.81402904327642e-05
19,6,-0.0223217783642096,8.40832172427403e-05
19,7,0.0265971197264149,1.55039253783884e-05
19,8,-0.0462338728127995,7.72932530342189e-05
19,9,-0.0142549378974823,6.21697386840896e-05
19,10,0.00602713401930334,7.74276993021084e-05
19,11,-0.0217377083762035,8.87915828276449e-05
19,12,-0.0389956417425634,0.000151427750064582
19,13,-0.00321325991226172,3.06500223588905e-05
19,14,-0.00360710802051973,1.89416885768436e-05
19,15,0.0131255883206205,2.19724779506197e-05
19,16,-0.0376541653084911,2.66844087197942e-05
19,17,0.0196052418578308,1.57881371824865e-05
19,18,0.00310723819511171,4.76771643392676e-05
19,19,0.011710185401434,2.86759680376623e-05
19,20,0.00407575487620489,7.37870784646156e-05
19,21,0.0691402900435222,3.51527360022611e-05
19,22,-0.0454866808617166,2.997454436251e-05
19,23,0.0449641932895699,7.32051000494577e-05
19,24,-0.0253303942917962,2.15217932788892e-05
19,25,-0.00595972862621932,2.2413753889157e-05
19,26,0.00208718273457492,0.000147814199804679
19,27,0.0298431957350394,2.61320900719079e-05
19,28,-0.029789909137631,5.27874781274911e-05
19,29,0.0105129126759846,9.62369187067439e-05
19,30,-0.0329244346156366,0.000156776654103685
19,31,0.0522823649749689,0.000133359329883321
19,32,-0.0755504421501984,2.37492614153123e-05
19,33,-4.66339103121333e-05,9.44158130338861e-05
19,34,-0.085872770560575,4.56867595257514e-05
19,35,0.0170032987700668,9.18697545670656e-05
19,36,-0.0214027096872316,5.43265249934098e-05
19,37,0.0628834934398912,2.87024205996005e-05
19,38,-0.088907999551661,3.39432237575104e-05
19,39,0.0101007464664184,5.1566928354723e-05
19,40,-0.06350347565548,5.19681348076717e-05
19,41,-4.33525711473941,0.00588031054739789
20,1,0.0163496892566735,6.1849098469043e-05
20,2,0.0160182035938637,0.000440530720139599
20,3,0.0615240387559379,0.00179333276844294
20,4,0.0043350833395846,0.000404094431031362
20,5,0.0342483824008616,0.000388739074075726
20,6,-0.000719305858907508,0.000654932600038624
20,7,0.0345666995479622,0.000772809625846796
20,8,-0.0139407356296881,0.000247299894585447
20,9,0.0116198353801742,0.000702807398794233
20,10,0.0216357773405943,0.000951051449058331
20,11,-0.0411401122298648,0.00116007970214323
20,12,0.000130451867599549,0.000584211934067594
20,13,-0.000241232961821697,0.000368168069701682
20,14,-0.0204793281510998,0.0013768984219097
20,15,-0.0104251046910044,0.00105330860563169
20,16,0.0122198982174768,0.000854008829532218
20,17,-0.0264712386274949,0.000371390525453447
20,18,-0.0549834281479794,0.000555455781246238
20,19,0.0280576003041344,0.000447698187259761
20,20,0.0426720398506524,0.00112011246450544
20,21,0.0850668850411316,0.00080270624823521
20,22,-0.0617594429082014,0.000544955332662795
20,23,0.075543254955086,0.000562696122090308
20,24,-0.0437898637841479,0.00137889832891984
20,25,0.025541565272632,0.00109606437791042
20,26,-0.0469717672350746,0.000594892195710543
20,27,-0.014630105040729,0.000640056643917062
20,28,-0.0706514173731267,0.000735174435186603
20,29,0.012684666674871,0.000993396309693824
20,30,-0.0557685930660651,0.000714236531647248
20,31,0.000124561970648661,0.000573861593479713
20,32,-0.0235260822412756,0.000714614850617877
20,33,0.0580012871816938,0.000613694887949124
20,34,-0.0519536255804515,0.00122679304227312
20,35,0.0701805989625688,0.00104365580702303
20,36,-0.0517667066949759,0.000850111329866954
20,37,0.0541934568652419,0.000832388129880348
20,38,-0.0981066775720538,0.000597673201064903
20,39,0.0167260597358942,0.000697820417268735
20,40,-0.0188562722807052,0.000461198846125162
20,41,-2.97557571798737,0.00730699217863624
21,1,0.00119346258884293,2.63847897116169e-05
21,2,0.0235229296867065,0.00021847100494743
21,3,-0.0146462873694241,0.000158536223794146
21,4,0.0237248955058063,0.000199610564989669
21,5,-0.0244759688021498,0.000185562241453589
21,6,0.0420127069588611,0.000473888932889749
21,7,-0.00637154937332117,0.000197544822083818
21,8,-0.0187893818882467,0.000169895118335607
21,9,-0.0468652498734128,0.000605954091049134
21,10,-0.000212224270708569,0.000451429973410376
21,11,-0.0057046361271346,0.000147118249133113
21,12,0.0262924799411,0.000275528916016187
21,13,-0.0146561390739011,0.00041866391764007
21,14,-0.0199150237633128,0.000193551442064679
21,15,-0.0315051187842338,0.000229955675060808
21,16,0.00371069643733549,0.000183784791763024
21,17,-0.0283739436376464,0.000190726821302644
21,18,0.0183041900331756,0.000283194747058912
21,19,-0.00351912031185951,0.000187919127607906
21,20,0.0168074499763866,0.000459247542261302
21,21,0.0633507376328038,0.000121045959489651
21,22,-0.055338845667316,0.000157659298135646
21,23,0.121197251341564,0.000278634519861781
21,24,-0.029500551238223,0.000414664502235421
21,25,0.0553284534247795,0.000261636341753162
21,26,-0.0119975676772961,0.000487525899141664
21,27,0.0158614175872956,0.00020706007548369
21,28,-0.0630361337766095,0.000196318324763743
21,29,0.0574912537045629,0.000132939270195638
21,30,-0.0265858047107597,0.000162374197760953
21,31,0.030442252375654,0.000148263185924784
21,32,-0.0651291649911863,0.000391856815244355
21,33,0.0118677260826183,0.000575489026397929
21,34,-0.0836382453407984,0.00012224397109168
21,35,0.058939155077157,0.000121633533089339
21,36,0.00523085286660148,0.000303413150287568
21,37,0.0688186318140818,0.000598242046064161
21,38,-0.00566566563996508,0.000122827432204172
21,39,0.0483453169301575,0.000330650179448299
21,40,-0.048121695220334,0.000442495641345275
21,41,-3.42836824882169,0.00717748958281466
22,1,-0.016920567656372,1.31562028865204e-05
22,2,-0.0371658142789747,0.000245602232782511
22,3,0.0569417581580013,0.000279016079306273
22,4,0.00770647479451522,0.000124039536040538
22,5,0.0253035985549746,0.000108196033095402
22,6,-0.0102538696495043,0.000213919053696479
22,7,0.0125891884511346,8.60500239328625e-05
22,8,0.00413409633420321,0.000201409298881405
22,9,0.0395024371063111,0.000382391007423482
22,10,-0.00553808934696292,7.87846507204959e-05
22,11,0.0370468598925746,0.000162015189625364
22,12,0.0104228629375551,0.00024979976845266
22,13,-0.0547115049502889,0.000195820262966998
22,14,-0.01734031732865,0.000116456728784698
22,15,0.0515975754021415,0.000111220884668428
22,16,0.0118113024383814,0.000201017882903919
22,17,-0.00918927510502665,0.00020760235427076
22,18,0.0125024663590906,0.000249951883823528
22,19,0.0308557191029916,0.000231005795553114
22,20,-0.00803218485824033,8.6364893107735e-05
22,21,0.0506888728322338,0.00022308860912301
22,22,-0.0470286648545245,0.00020410059996676
22,23,0.0573589095019047,0.000246878301759219
22,24,0.0194914036063711,0.000258208884313648
22,25,-0.0101191874736739,0.000119649110359237
22,26,-0.0367987867389385,0.000293177299695273
22,27,0.0515572638063977,0.00030848730991174
22,28,-0.0219094730330561,0.000112521934542955
22,29,0.047419778821581,0.000130238122828115
22,30,-0.0576348593645901,0.000418789518530974
22,31,0.0702571943386986,0.000351250204785801
22,32,-0.0588001347173671,0.000463637596982356
22,33,0.0826598289182333,0.000194591340601836
22,34,-0.0495455451257029,0.000680107112907074
22,35,0.0659411489292005,0.000182157752187526
22,36,-0.0750392454810681,0.000571706561971917
22,37,0.0514135602085226,0.000108537239554839
22,38,-0.0722528717648497,0.000102977790462863
22,39,0.0815672300450085,0.000124752142280461
22,40,-0.0543987763990711,0.000107548758897575
22,41,-3.75135479836101,0.007285840021339
23,1,-0.00991649248442889,1.77227576795137e-05
23,2,-0.0218955005338104,0.000223772558000202
23,3,0.0731323290298028,0.000529436633806776
23,4,-0.036605020567257,0.000134540788136284
23,5,-0.0710455112141028,0.00021936502402474
23,6,-0.0198359216394623,0.000258020530415141
23,7,0.0567335358105635,0.000248830492058929
23,8,-0.0576927993020784,0.000372338038883407
23,9,0.0444468676175042,0.000433162685661549
23,10,-0.0333228179657276,0.000309509342540282
23,11,0.0403055844563398,0.00013356767240237
23,12,0.115028497393857,0.000466410338252883
23,13,0.0542395217609085,0.000389420058317993
23,14,0.00225944304865881,0.000462913182572634
23,15,0.029891933297703,0.000510510676912527
23,16,-0.00877341540865323,0.000250926692793834
23,17,0.0253373440600332,0.000114102121474769
23,18,-0.0109161921219271,0.00036236615904387
23,19,-0.0190275323785656,0.000148311711288136
23,20,0.0776601312593045,0.000257866002029099
23,21,0.0252942907968178,0.000418739579604664
23,22,-0.0091141241008668,0.000206916529115908
23,23,0.0711386054726934,0.000173852371721393
23,24,-0.0772148259198988,0.000733407239124254
23,25,0.0725421438567947,0.000333589285641791
23,26,0.0327965064966402,0.000360474385951629
23,27,0.0407820507763282,0.000289881345970333
23,28,0.0286711567207632,0.000249257529708058
23,29,-0.000900156413610345,0.000275237170857583
23,30,-0.0558548868122547,0.000136180144281438
23,31,0.0279394450705508,0.000571336872409985
23,32,-0.0643303755861365,0.00076613777654053
23,33,-0.00458672380616345,0.000461978900282617
23,34,-0.0599381222463734,0.000397791547128487
23,35,0.0359209204270784,0.000806237069327422
23,36,0.00761266448875585,0.000308571568092277
23,37,0.154452235515182,0.000285928829783018
23,38,-0.062552260608055,0.000465331360514209
23,39,0.0550183040100788,0.000341031282942579
23,40,-0.0627292582881454,0.000155153221486615
23,41,-3.56098461449971,0.00756679827582089
24,1,-0.0255464153087216,7.51656471941091e-05
24,2,0.0227166782464638,0.000737872616635005
24,3,0.0430832092754167,0.0015981141181098
24,4,-0.0222830055994951,0.000933748231854838
24,5,0.0312477849195433,0.00155529287081542
24,6,-0.0233374532073294,0.00112506294592889
24,7,0.000786822258906209,0.000584631703307294
24,8,-0.000463349242099042,0.000542084966835986
24,9,0.0277854830989737,0.00112654431546019
24,10,-0.00310146247992096,0.000472011167821448
24,11,0.0161892183504674,0.000544619999741267
24,12,-0.00947044224138833,0.000594510721610778
24,13,0.0303977470674138,0.00050103998178623
24,14,0.00287117915700067,0.00132869452070659
24,15,0.0189364823225777,0.000940796441326101
24,16,0.0280628446985929,0.000772096112257523
24,17,-0.0221092038922816,0.00116713990483466
24,18,0.0266516964143403,0.000531814630271989
24,19,-0.0108788551455675,0.000600898576651249
24,20,-0.0316293356050585,0.00157602742107569
24,21,0.0694532581581153,0.000736178400876101
24,22,-0.0331226450975665,0.0015599569084974
24,23,0.094399728383371,0.00044989763506373
24,24,-0.0458678236171094,0.000818341782251474
24,25,0.033714422123888,0.000864755980940861
24,26,-0.0601467299379187,0.000457425998701212
24,27,0.0823481391279656,0.000586950097950136
24,28,-0.0431724270711737,0.000841722390687015
24,29,0.0599959506990417,0.000876898853856306
24,30,-0.0660970989722222,0.000709885009582928
24,31,0.00879668018375573,0.000417287379773914
24,32,-0.0167895509780601,0.00103654841872349
24,33,0.0395285606019664,0.000660246878256036
24,34,-0.00696930796395629,0.00107049561916049
24,35,0.0584291248737993,0.00071838230891471
24,36,-0.0368772455314825,0.00075963839230065
24,37,0.06800965051924,0.000408456772200801
24,38,-0.0514007458059386,0.0012376471542656
24,39,0.0597861976033026,0.000571836328697066
24,40,-0.0784172016419546,0.000723327252790413
24,41,-2.85202068515095,0.00743595903482411
25,1,-0.0203834265867342,1.94243340052305e-05
25,2,0.00118523346808839,0.00012157892942907
25,3,0.0351685777250479,0.00030753804851204
25,4,0.0107798682702148,0.00011489312185639
25,5,0.00190280997906526,0.000280296989717975
25,6,-0.0219575553079043,0.000197165049403378
25,7,0.00516781305327847,0.00016476933295817
25,8,0.000674068943584293,0.000264271837997021
25,9,-0.021242840326467,0.000189834685638883
25,10,0.00748308149726348,0.000453696797690477
25,11,-0.0096767920126789,0.000119654415636346
25,12,-0.0313916979952263,0.00015873825542318
25,13,0.0010780683468636,0.000220168483007127
25,14,-0.0114546288585441,0.00018615150402603
25,15,-0.0274348516966873,0.000328126201468544
25,16,-0.038475465252888,0.000567898255729766
25,17,-0.0206397290491543,0.000216889821987349
25,18,0.0494125916559609,0.000226959052161705
25,19,-0.0178316150851281,0.000384650678671875
25,20,0.00730934587218262,0.000234684969104007
25,21,0.105515509073626,0.000226916336137767
25,22,-0.0471538709442919,0.000329481920075177
25,23,0.0532643522767098,0.000312311628251152
25,24,-0.0767604664743803,0.000240578653918392
25,25,0.0457126387468578,0.000534104235670424
25,26,-0.0641077414625127,0.000354021763652019
25,27,0.0491332409583161,0.000298445600213839
25,28,-0.0956074246008859,0.000170166689251999
25,29,0.0764155853978995,0.000349241805269624
25,30,-0.0727421417910684,0.000414389477336787
25,31,0.0851470029403913,0.000235226809857053
25,32,0.000931486575398772,0.000273319636771186
25,33,0.00581463334982041,0.000260476825141597
25,34,-0.0792874289259689,0.000303830076632244
25,35,0.0527648148637316,0.000234911082089205
25,36,-0.0415398658872165,0.000360699775279691
25,37,0.0810866967749124,0.000120626654169222
25,38,-0.0589738520752464,0.000333307590819363
25,39,0.0353584340612171,0.000109446301426856
25,40,-0.0130909344245465,0.000185840645801889
25,41,-3.5738308965139,0.00694943725359329
26,1,-0.0205219456563107,1.49815575173618e-05
26,2,0.00795068605406715,0.000116381917350574
26,3,0.0229628876297554,0.000156735726440848
26,4,0.0181400548923945,0.000141346476238153
26,5,-0.0309017258466854,0.000207299140575303
26,6,-0.0162912798081699,0.000155375369529783
26,7,0.0149218207172854,0.000117170005596998
26,8,-0.0310251411401132,8.45640366966692e-05
26,9,-0.0746080616788682,9.25632144319116e-05
26,10,-0.0296569737720839,0.000139912221957934
26,11,0.0128827581112554,0.000259022034920479
26,12,0.0764506920911085,0.000235237336092044
26,13,-0.109195807829305,0.000212304115577218
26,14,0.0327161843223483,0.000151275865818537
26,15,-0.014155387303353,0.000155603357501318
26,16,0.000865744718902579,0.000193991792318871
26,17,-0.0405771594227584,0.000322644589899142
26,18,-0.025595157043823,0.000237522334053779
26,19,0.0464065959684635,0.000144404270422288
26,20,-0.0152230846782285,0.000152139642926832
26,21,0.0915003797258061,0.000155049041270062
26,22,-0.0923214470092764,0.00015428977923932
26,23,0.0134482575580736,0.00021641825964684
26,24,0.027260097205152,0.000199296108840893
26,25,0.164119909017616,0.000271973688066363
26,26,-0.0375766176064641,0.000188459444976481
26,27,0.0242133221830386,0.00010062292093395
26,28,-0.0634102531851703,0.000114988177604884
26,29,0.0702309791371351,0.000274392598081443
26,30,-0.0185195956313052,0.000123334813107205
26,31,0.0840483305623887,0.000172061758026806
26,32,-0.144592063743708,0.000188068240435847
26,33,-0.0113074392543686,0.000321286974022446
26,34,-0.0567107730228699,9.60593333444439e-05
26,35,0.120693580863875,9.19970592505668e-05
26,36,-0.110519896198539,0.000250551114964887
26,37,-0.00722361788561135,8.13000195102628e-05
26,38,-0.00828910223846135,0.000177657710129659
26,39,0.125459907211253,9.06508076961657e-05
26,40,-0.0592618097251464,0.000108855387921547
26,41,-3.70479268077373,0.00813105740292948
27,1,0.002210252947142,2.82091867047925e-05
27,2,0.0169361138860422,0.000186584058467287
27,3,0.0174145556855442,0.000241114379938128
27,4,0.0335625747945404,0.000273855812449904
27,5,0.0715009503904832,0.000342144709709922
27,6,-0.00429060018133339,0.000400832087117156
27,7,0.0258653074675045,0.000984980206371458
27,8,0.102214350870935,0.000470248474879389
27,9,0.13509484680678,0.000461625918365036
27,10,-0.0430811638375929,0.000522907143594539
27,11,-0.00743112732583016,0.000246228469676462
27,12,0.0430769883608719,0.000292958258932034
27,13,-0.0125993195209582,0.000298731047323394
27,14,0.0877364504844381,0.000866341434011587
27,15,-0.00468567045612114,0.00022273012913576
27,16,0.00736490717838683,9.99433181673456e-05
27,17,-0.0150249643062414,0.000262642909406097
27,18,-0.00413807658058542,0.000349790281970457
27,19,0.0708248140960978,0.000376850320692244
27,20,0.0477343461598479,0.00012505178165464
27,21,0.111623175254767,0.000352007870756274
27,22,-0.04527360058099,0.000245586806693273
27,23,0.0184177289011833,0.000226645009888532
27,24,-0.0267572885918956,0.000210962859333413
27,25,0.0407426336690107,0.000310974263880842
27,26,0.00102518840184919,0.000362973426007863
27,27,0.00723007012971433,0.000574439225605105
27,28,-0.0158701550905094,0.000171167422611668
27,29,0.0132458845992829,0.000214411695876083
27,30,-0.0134353632545215,0.000709600898760822
27,31,0.126041989942459,0.00069179759119786
27,32,0.0288883595965411,0.000228454836258901
27,33,0.0306356433512899,0.000531440338248579
27,34,-0.0516758777433762,0.000312012470293396
27,35,0.0433659831092486,0.00029725637130592
27,36,-0.0476842599642668,0.000682338566096218
27,37,0.0875653895380799,0.000534393117031684
27,38,-0.0635146651695902,0.000273977761088275
27,39,0.0987288043068374,0.000326662439379369
27,40,-0.0660508464481789,0.00026572341168808
27,41,-3.3895979211379,0.00735937540377657
28,1,-0.0366162058192989,2.05078801669551e-05
28,2,-0.0312128516268943,0.000371253207072015
28,3,-0.031546854051074,0.00022014506970271
28,4,0.0218744992715416,0.000114609106326654
28,5,-0.0591391097086769,0.000229844209049542
28,6,0.0508062428783293,0.000522649519584764
28,7,0.0563038907440194,0.000299031703642846
28,8,-0.0165480044788576,0.000220700529421931
28,9,0.0883906690376966,0.000260195935342352
28,10,0.019235563167316,0.000100257748795154
28,11,0.0186129781613844,0.000222873944951439
28,12,0.0321300193313648,0.000536410160993817
28,13,-0.000686610105139285,0.000201203734112913
28,14,0.00103657472875723,9.71525397000408e-05
28,15,-0.019809191221817,0.000213241342865383
28,16,0.0313084245692263,0.000771316639082533
28,17,-0.0139179877565515,0.000153398314516894
28,18,-0.0146745154424166,0.000320079180592602
28,19,0.0828129003502353,0.000478872472091688
28,20,0.0661109129775518,0.000407733003165874
28,21,0.00491109256434687,0.000230216771162861
28,22,-0.0554400328311103,0.000568746986333414
28,23,0.0498691053381108,7.52219776982752e-05
28,24,-0.0849544656695876,0.000523103646928244
28,25,0.0867128410410171,7.48109329711995e-05
28,26,-0.11751918580261,0.000107770171929729
28,27,0.0189937067023007,0.000245929905160568
28,28,-0.067212657690067,0.000255834278274102
28,29,0.001347922846854,0.000423621270219095
28,30,0.0242778081010641,0.000194470809618958
28,31,0.0659806170226309,0.000127931594578255
28,32,0.00330425640081808,0.000306377379058726
28,33,0.0293000738326232,0.000225591246554369
28,34,-0.0631973437141995,0.000144320839922372
28,35,0.0966934966166832,0.000166122974508434
28,36,-0.0679811918672328,0.000336931496388177
28,37,0.0982235985357843,0.000622885935461088
28,38,-0.106005728715825,0.000328968606960803
28,39,0.058695581172284,0.000276550886017472
28,40,-0.159088286951911,0.00101544446492636
28,41,-3.58675819323999,0.00792280967528088
29,1,0.0200407028162086,2.18444506876385e-05
29,2,0.0653342075514417,0.000282997508360016
29,3,0.0764229223774124,0.000269670064601958
29,4,-0.0146268225470881,0.000396099795766001
29,5,-0.0883435602446824,0.000246266816716102
29,6,0.00817691354333299,0.000179010659765878
29,7,-0.0345711819753258,0.000148461433758235
29,8,-0.0141002065631046,0.00025640405077845
29,9,0.00240890293132607,0.000118206692277745
29,10,0.0274709663161825,8.38950235639268e-05
29,11,0.00448953686926766,0.00028451801978577
29,12,0.0512580748637202,0.000267140149882002
29,13,-0.0468048181370966,0.000732895777677982
29,14,0.0263540645457619,0.000283680189603282
29,15,-0.0312323936685585,0.000294577162087552
29,16,0.0339579846832626,0.000225875374134659
29,17,0.0635032360728542,0.00023874253921322
29,18,0.0442981949189773,0.000138837185189129
29,19,-0.031442581837605,9.76351919407599e-05
29,20,-0.000198484967400258,0.0001025767166751
29,21,0.00631937108581522,0.000261884062813481
29,22,-0.0633623407388555,0.000229365480229487
29,23,0.0495226116210876,0.000142751516553314
29,24,-0.104870775842397,0.000455293428341461
29,25,0.0496710171557148,0.00024110718216935
29,26,-0.0583831756146238,0.000171727710374041
29,27,0.0102439478530096,0.000263584469102922
29,28,-0.196625430193845,0.000670139710265111
29,29,0.106618529787003,8.22071385283663e-05
29,30,-0.0010543642054634,0.000129034900628872
29,31,0.0386915186569365,0.000100303570245711
29,32,-0.0686988736894224,0.000167875532803468
29,33,0.0404166231664771,0.000270763796038184
29,34,-0.0257057360622813,0.000457316429346129
29,35,0.0521938479660675,0.000158811935650804
29,36,-0.00891503160683189,0.000258572261386111
29,37,0.0406748000161876,0.000377807838377047
29,38,-0.0638841487462946,0.000166086671859949
29,39,0.086545602693946,0.000317366501167573
29,40,-0.0330737050181831,0.000479579923071835
29,41,-3.61051880083766,0.00752522356676639
30,1,-0.00135554725668337,2.48548184660825e-05
30,2,0.0277873288929341,0.00011966233368378
30,3,0.0290133735105736,0.00011461844995267
30,4,-0.0186859601438042,0.000230456455663977
30,5,-0.00723336834152149,0.000132239066837444
30,6,-0.0133606998485574,0.000477742553704372
30,7,0.010116461124204,0.000223815753687499
30,8,0.0577261589847458,0.000231727295649967
30,9,-0.0348797833969703,0.000380031671043192
30,10,0.00276745936797651,9.9235771247792e-05
30,11,-0.0142578189947846,7.74020206108443e-05
30,12,0.0146903386347163,0.000224135772087976
30,13,-0.00118582805076205,0.000451825329041107
30,14,0.0291795722669646,0.000747065777679258
30,15,0.0205256750158856,6.28171732474633e-05
30,16,0.0344739265849375,0.000174446177834291
30,17,-0.0130018317856815,0.000200235686908692
30,18,0.0284700166931435,0.000371453827261525
30,19,0.0419523263150674,0.000222805259752138
30,20,-0.0150008649848205,0.000224897167616954
30,21,0.0732930081821677,0.000189205641969622
30,22,-0.0397259858089961,0.000400472128085606
30,23,0.0520919591160764,0.000885957598382088
30,24,-0.0469218247304975,0.000186900992345563
30,25,-0.0505488184998869,0.000298480328334273
30,26,-0.153550437789232,0.000476985013626415
30,27,0.0337691991821634,0.000237732504824418
30,28,0.00893299201856369,0.000210556557407957
30,29,0.0612248937091558,0.000137851044727647
30,30,-0.0121635260781267,0.000264928987315809
30,31,0.115334835524158,0.000207082783803452
30,32,-0.00377761471263773,0.000114673231823144
30,33,0.0570898135859107,0.000267222455465997
30,34,0.00105554261609371,0.000356921304601694
30,35,0.0617457299284334,0.000413108666691012
30,36,-0.0793801251966534,0.000237073598090383
30,37,0.100883319638643,0.000344255031149969
30,38,-0.0588498657465163,0.000307054688521253
30,39,0.0714925731217926,0.000154519020880513
30,40,-0.126527648019699,0.000238021735102449
30,41,-3.51303735532319,0.00716164310821881
31,1,0.000183740277302609,1.67184186402084e-05
31,2,0.0922520390459781,0.000186930547690246
31,3,-0.0376006440167659,0.000400835769064765
31,4,-0.0098821897185509,0.000225461732340717
31,5,0.00875183343953884,0.000167855312627604
31,6,-0.0589116307339567,0.000322507427952368
31,7,0.0666845046731345,0.00022330079210853
31,8,-0.00398478554171926,0.000309815789081409
31,9,-0.00853415918433262,0.00013442850654343
31,10,0.00400497453659176,7.59859083805013e-05
31,11,0.0140185411701816,0.000229704974587685
31,12,-0.0208119311531821,0.000169067912627282
31,13,0.0297797017530957,0.000177640469031742
31,14,0.037211954330718,0.000134900849102369
31,15,-0.0373312983542323,0.000128788941630602
31,16,-0.0585092505926056,0.000269369997722702
31,17,0.0966150832215739,0.000264213681261689
31,18,0.00292801174196057,0.000247618270029069
31,19,0.110856265689545,0.000307876875430537
31,20,-0.00821235649769798,0.000286976612635689
31,21,0.118726406354069,0.000276603977446699
31,22,-0.0486541304526426,0.000129105907733723
31,23,-0.0312283993955531,0.0003929172215514
31,24,-0.12318732728401,0.000162668940321905
31,25,0.0932209683559615,0.000357970958342125
31,26,-0.0969515845577677,7.08834948451418e-05
31,27,0.00334496087998079,0.000138888019419002
31,28,-0.0717348633186222,0.000153844154521784
31,29,0.00736294293137235,0.000440386066744538
31,30,-0.106118171703521,0.000316462888189907
31,31,0.0247169803221885,0.000316507346567564
31,32,-0.0100919888430071,0.000204003564255877
31,33,0.0371906060572055,0.000312785483914122
31,34,-0.0153948758226593,0.000169971536042489
31,35,0.0495876282466958,8.03119097749524e-05
31,36,0.0818705190923675,0.000163446388696614
31,37,0.0453369907187354,0.000410587319895078
31,38,-0.0353950818177595,0.000103712069227423
31,39,0.159524131005502,0.000412141705146172
31,40,-0.0853404544091275,0.000196178290445065
31,41,-3.64060665049672,0.00699896811385654
32,1,-0.0144220372610907,5.32386788995686e-05
32,2,-0.077767069200187,0.000752340483638359
32,3,-0.00135978775713096,0.000551021245326746
32,4,-0.00505697688016288,0.000375298909944924
32,5,-0.0102532337356216,0.000541703367384767
32,6,0.0659288251335049,0.000557891547523588
32,7,0.00673236340837374,0.000284473331147155
32,8,-0.0113175239538082,0.000315389420764755
32,9,-0.0113814349679412,0.000151162203363811
32,10,0.0372455957856141,0.000388293178530115
32,11,0.0118154697319681,0.000240519825156099
32,12,-0.0166921704565261,0.00031859768439921
32,13,-0.0452135805976286,0.000399721965829947
32,14,-0.0083884738435521,0.00031611013550076
32,15,0.0739522936494928,0.00047368813863286
32,16,0.000864811739570479,0.000341762409237922
32,17,0.00710346968384503,0.000258883636897621
32,18,-0.032120534147485,0.000697551292186979
32,19,-0.0837425233525266,0.000434969343936586
32,20,0.00821454795971469,0.000267329796074789
32,21,0.0486699500944197,0.000557309957966463
32,22,0.0531315453801762,0.00062522183472077
32,23,0.098216347910345,0.000447844574271661
32,24,-0.0206446391115198,0.000455678219340166
32,25,0.114912514671316,0.00039486536599282
32,26,-0.0535283980846838,0.000403728783239954
32,27,0.0239079072530948,0.00073360151301155
32,28,-0.0907965375846467,0.000343721737979362
32,29,-0.020764670859643,0.000447260907087817
32,30,-0.0442560454207545,0.000327634001021535
32,31,0.0623705001779477,0.000428600927272122
32,32,-0.178792775147169,0.00124508481588963
32,33,0.0257501187481625,0.000273257715869345
32,34,-0.0342662740496296,0.000391302772666055
32,35,0.0104485336943418,0.000859895145531203
32,36,0.02946418781843,0.000614568095701981
32,37,0.0645050415894815,0.000517214884203957
32,38,-0.0768276137001876,0.000826692028343074
32,39,0.00424698528859269,0.000392914713151213
32,40,0.00295701001799921,0.00043011006641854
32,41,-3.11498291311314,0.00721853347782227
33,1,-0.0240142238161667,2.79191706835904e-05
33,2,0.0378259030816796,0.000236400168281832
33,3,-0.0784102665812573,0.000301750028247195
33,4,0.0413256835925401,0.000237720843713429
33,5,0.0418912695083645,0.000586272462177799
33,6,-0.0237182698294579,8.02546135364178e-05
33,7,0.0542410954549663,0.000190782269027808
33,8,-0.00677109589979985,0.000119389158669343
33,9,0.0593820318106267,0.000514889181069551
33,10,0.0343723549365767,0.00042416392854093
33,11,-0.0466770885668812,0.000225847045373314
33,12,0.0222035300154028,0.00028577240530359
33,13,-0.00746419999485631,0.000318849709611596
33,14,-0.0111955944911855,0.000237298366586875
33,15,-0.0685103969371555,0.000230116716074192
33,16,-0.0569672642727512,0.00083623782818823
33,17,-0.00541865439008463,0.000343629398375806
33,18,-0.0234376734841439,0.000363156891769164
33,19,0.00775058163101121,0.000723041413281463
33,20,0.0259874289284273,0.00029694463598083
33,21,0.0292425116091184,0.000513660286409428
33,22,-0.117205500676983,0.000197289603279515
33,23,0.0923271618350062,0.000116370050836049
33,24,-0.0961460606235391,0.00018014533222754
33,25,0.0993800941856322,0.000278803111055145
33,26,-0.0396627870372398,0.000359060427348214
33,27,0.0567095576916278,0.000285473720920287
33,28,-0.0897935531895892,0.000112217506035913
33,29,-0.00244529543076401,0.000195658563637329
33,30,-0.103827868432682,0.000284858173972383
33,31,0.0317858481678673,0.000116769398128114
33,32,-0.0500575432050034,0.000739817862398355
33,33,0.0218165370296085,0.00021012155554816
33,34,-0.104816112100247,0.000289506145894739
33,35,0.00608234583414838,0.000230517757571048
33,36,0.00882583405672573,0.000205206125592386
33,37,0.00407893676920681,0.000116266605230989
33,38,-0.0381171765770718,0.000327604854399435
33,39,0.0931961603295343,0.000448936687222548
33,40,-0.0168728627792507,0.000603443936827878
33,41,-3.40503295736384,0.00739613559827965
34,1,0.0149883674243362,4.09805158083091e-06
34,2,0.0104224225842681,4.61243938822282e-05
34,3,0.0589592408467757,0.000106869500035051
34,4,0.0205595905369171,0.000141472524978412
34,5,0.0203585645500956,0.000115602064485278
34,6,-0.0606703044782391,8.67922108631618e-05
34,7,0.00432973020349535,4.23776075159324e-05
34,8,-0.0207513629268493,0.000178374578986567
34,9,-0.0111371308044402,5.2681481001312e-05
34,10,0.00172510889678322,1.95244990694904e-05
34,11,0.0291082013549331,5.8371319378794e-05
34,12,-0.0301385961077711,9.56709746703867e-05
34,13,0.0337577267311647,4.47755925959543e-05
34,14,-0.00978649357552727,7.05931854345756e-05
34,15,-0.0487687729734832,8.27056918968154e-05
34,16,-0.0271431589414727,4.7503303711381e-05
34,17,-0.0105202296665575,2.25403777586008e-05
34,18,-0.00632911641947979,2.98607962098075e-05
34,19,0.00985237663440126,6.20958388720962e-05
34,20,-0.0179831185534649,3.33044605874903e-05
34,21,-0.00493418445520093,5.14997810305142e-05
34,22,-0.101293269564945,4.88921838360096e-05
34,23,0.0798606382064928,3.57360903739984e-05
34,24,-0.0410677646047201,3.8571044578817e-05
34,25,0.0309134851563993,0.000107222432764995
34,26,-0.0603712165679195,8.50710777197728e-05
34,27,0.0253532323075761,8.78614045684859e-05
34,28,-0.0902752845660568,6.38815075222008e-05
34,29,0.00360244442538661,5.65713480786583e-05
34,30,-0.0368157349766211,6.0072735470801e-05
34,31,-0.0124400886767532,4.277351886163e-05
34,32,-0.035908764123616,9.92166234740184e-05
34,33,0.0173180993957425,3.52936671467124e-05
34,34,-0.025673343874215,5.94912797868695e-05
34,35,0.0263781181188857,0.000167848169645765
34,36,-0.0429710229011334,0.000208530402264186
34,37,0.0778641079864624,8.4220476898248e-05
34,38,-0.0336404830424102,2.75490914925924e-05
34,39,0.0108801705171969,4.64991023293668e-05
34,40,-0.0862720209264897,1.9306681616009e-05
34,41,-4.35048157316454,0.00580973146799813
35,1,-0.0189943605912602,1.3546198971456e-05
35,2,-0.0369592951994233,0.000227783295416209
35,3,-0.00763678845127685,0.000128921360008931
35,4,0.0492069898511148,0.000131226531330621
35,5,0.0289325116518725,0.000323950419408256
35,6,-0.0220877070922292,0.000240659564229554
35,7,0.00193144903598012,9.59547803140314e-05
35,8,-0.0520855634498799,0.000191270356185344
35,9,-0.0154972552884126,0.000183939380229765
35,10,0.0966320567298699,0.000137638916447065
35,11,0.0311904131095704,0.000198753548698781
35,12,-0.031563595724881,6.17895774436017e-05
35,13,0.00335478380526467,0.000104089597125921
35,14,0.0188263709178456,7.66669165840527e-05
35,15,0.00285850816361195,0.000230917512404525
35,16,0.0198985545286428,0.000234706551166808
35,17,0.0268554019695833,0.00020887129310384
35,18,0.0289027223821023,0.000127368186196599
35,19,0.0133170709527684,0.000147027300914916
35,20,0.019223758947162,9.56294991726614e-05
35,21,0.0189739035048808,0.000334039922274497
35,22,-0.0489251407143539,0.000202681678589947
35,23,0.0613385514486055,0.000167801262750379
35,24,-0.0215160847895401,0.000179964001286408
35,25,-0.0447294660890759,0.00016997043060356
35,26,-0.10388852254277,0.000245384929404011
35,27,0.0886985706773638,0.000102122022401997
35,28,-0.0378462415174473,0.00023466047151783
35,29,0.0368818442434687,0.000199175967437697
35,30,0.00110454355971591,0.000177038215505897
35,31,0.0694020919098667,0.000306609172925365
35,32,-0.105417101092401,0.000106828388604969
35,33,0.0481526427754559,0.000145892632839044
35,34,-0.0401719633128496,0.000243479833845167
35,35,0.0164490418012898,0.000336209746887502
35,36,-0.00803909376132689,0.000195116768066473
35,37,0.0412913355203375,6.63475797301652e-05
35,38,-0.0188333560348842,0.000261952834301087
35,39,0.0740863291467092,0.000308847994430498
35,40,-0.0422114936732104,0.000163978338785469
35,41,-3.73016334844465,0.00683963425552979
36,1,-0.02476294552585,2.34340317547195e-05
36,2,0.0321928991611448,0.000170958420752015
36,3,0.0503371136759319,0.000250512302141907
36,4,-0.048408532053699,0.00018095081353427
36,5,0.010838662532095,0.000181482035083875
36,6,-0.0432174967251626,0.000258129584179509
36,7,-0.0110546534221337,0.000239984056814349
36,8,0.0132277191814458,0.000336806042900375
36,9,0.000527154733114186,0.00012974158497734
36,10,-0.0457978237862969,0.000130361151571427
36,11,-0.0708873694387867,0.000303755691562919
36,12,-0.0229933614991978,0.00025793889717304
36,13,0.0518417500307455,0.000495077401545482
36,14,0.00992503306692038,0.000330560606898494
36,15,-0.0852072364234348,0.000242718578150228
36,16,0.00287383101597523,0.00011120829348898
36,17,0.012134994829951,0.000177838692072843
36,18,-0.00862059771696623,0.000118253924877916
36,19,-0.00141461315592897,0.000128459372812025
36,20,0.00776234280779258,0.000111834473240432
36,21,0.0583079677672154,0.000259101475680181
36,22,-0.0456018962602057,0.000270468922679011
36,23,0.0674292657503413,0.000214094764187968
36,24,-0.0635438159904169,0.000169214046079691
36,25,0.044295114705111,0.00024864538213478
36,26,-0.0477630986704582,0.000275673712299897
36,27,0.0458442094587979,0.000835311162424316
36,28,0.00298237170785086,0.000288051634479432
36,29,0.0163432284398518,0.000115308473190074
36,30,-0.0232314520282202,0.000256945384422205
36,31,0.0921384165385778,0.000337547041366083
36,32,-0.0969368864716102,0.000134490636286638
36,33,0.0655532929848341,0.000152958391130684
36,34,-0.00192877808447807,0.000324963889461097
36,35,0.0762947183538094,0.000189796813439018
36,36,-0.0891660770610846,0.000271512590060517
36,37,0.00617017221915157,0.000229913331639673
36,38,-0.0519272291766224,0.000209920819999425
36,39,0.0557816968399124,0.000492670148241953
36,40,-0.102599685691372,9.67478764511615e-05
36,41,-3.52517649665612,0.00737407030253887
37,1,0.00981599781549678,1.45217098113942e-05
37,2,0.00369895954807781,0.000106128623639004
37,3,0.0447282803840421,0.000369560167520365
37,4,-0.0341876945300562,0.000179219733016413
37,5,0.0324713368191751,0.000301440198757268
37,6,-0.0316782436214557,0.000403723903242991
37,7,-0.0285536422175886,0.000268698529554138
37,8,0.0373935204537238,0.000349867568011311
37,9,0.0371473072107488,0.000101961413753606
37,10,-0.0200286394341739,0.000214883442793357
37,11,-0.0339855479143513,0.000365093651234383
37,12,0.0101917375476218,0.000276633688885171
37,13,0.0456238206824985,0.000141857231026374
37,14,-0.0331925891596328,0.000228510865130523
37,15,0.0243580411846791,0.000302684992406816
37,16,0.021496312480431,0.000392327864902
37,17,-0.00151985477683734,0.000105875412615774
37,18,0.0497885729494763,0.000220613092309998
37,19,-0.00949433950408401,0.0007710569100716
37,20,-0.00985338984060454,0.000220150552381169
37,21,0.0370926924339487,0.000130172587895747
37,22,-0.0955405222538588,0.000100042146105272
37,23,0.0505359936045928,0.000249014700627073
37,24,0.00137945237193693,0.000180248556792143
37,25,0.0322251859091842,0.000332221469075381
37,26,-0.00746734907957057,0.000354741481737362
37,27,0.04875531915257,0.000296559823259184
37,28,0.0027945558924092,0.000113785908627828
37,29,0.0843362739232185,0.000399524002336675
37,30,-0.0339044453382667,0.0001163977949045
37,31,0.0596264181549675,0.000117059905277957
37,32,-0.0557232467540975,0.000115701701716422
37,33,0.0638866168983089,0.000156328953193029
37,34,-0.0666798046980172,0.000368067067991714
37,35,0.0720503844284053,0.000245771851507915
37,36,-0.095904964450901,0.000274556257192237
37,37,0.0657099346839397,0.000240859704913337
37,38,-0.0509783975319577,7.02643784084178e-05
37,39,0.121328592296697,0.00018370425007644
37,40,-0.0336997032841651,0.00017862184236501
37,41,-3.67730336051306,0.00748124927940752
38,1,0.0083345993889579,2.07213331860619e-05
38,2,0.042916195849977,0.000350211463367086
38,3,-0.000910896940482109,0.00027423671580297
38,4,0.00379656585143404,0.000122591530752583
38,5,-0.0999763662083031,0.000330118144910633
38,6,0.0263378509314957,0.000412904084075782
38,7,-0.00201962531388446,0.000198954004277085
38,8,-0.0118133952258528,0.000220331009254296
38,9,-0.109662022987513,0.000537277009402048
38,10,-0.0916003376591982,0.000156691843367565
38,11,-0.0726593645985178,0.000148953898501177
38,12,0.0391312603610205,0.00035981490909844
38,13,-0.0119754947352578,0.000193537638864095
38,14,0.111397853458873,0.000495645655299992
38,15,-0.0297312617808301,0.000210173610005556
38,16,0.0792943445051276,0.000332428194643771
38,17,0.0122831336203483,0.000232259959388647
38,18,0.115258914406179,0.000238931664072924
38,19,0.0540957239484352,0.000152832016420784
38,20,0.00775874341279381,0.000217212543735799
38,21,0.0106595439493039,0.000704356847508641
38,22,0.0043356953809392,0.000137824829236745
38,23,-0.000690146930482654,0.000219103745842391
38,24,-0.0282984988941174,0.000147183227545898
38,25,0.0477839441164976,8.74748597200935e-05
38,26,-0.0873632402497496,0.000329906953728658
38,27,0.0544554845580891,0.000185563867477346
38,28,-0.0151681677139734,0.000360372149947687
38,29,0.0768476515292368,0.000297213775295597
38,30,-0.100759210745325,0.000417547565198125
38,31,-0.0143601211686455,0.000147423045784506
38,32,-0.0912354439351378,0.000238614110647044
38,33,0.126070561404623,0.000435243559751914
38,34,-0.127761764432984,0.000236248714305814
38,35,0.0524561505687211,0.000177838118753438
38,36,-0.0121600395015331,0.000390304981374432
38,37,0.0200873420148855,0.000114028824531304
38,38,-0.025423097410927,0.000246383522588651
38,39,0.0590522764319921,0.0003200471377937
38,40,-0.0731307147902539,0.000123422364091509
38,41,-3.49433529321549,0.00727330027071666
39,1,0.00236237162876162,1.7069681407525e-05
39,2,-0.00807183209781486,0.000333398005230152
39,3,0.0418738920758589,0.000249638036788395
39,4,0.00427416250559147,0.000232151716246114
39,5,0.0345288477983025,0.000190690315008116
39,6,-0.026698931227208,0.00026468389960717
39,7,-0.0802215509300863,0.000340482959456419
39,8,0.00804103184137343,0.000109444135691151
39,9,-0.0035026290211843,0.000234805522653631
39,10,0.000975330128425745,0.000160089760020812
39,11,0.00185996517168618,0.000225484504051229
39,12,-0.0641854216300924,0.00049804125569566
39,13,-0.00241492948942327,0.000107690855273375
39,14,0.0103137598269498,0.000343677689216342
39,15,-0.00182950522882885,0.000155226476889227
39,16,0.00664210533438408,0.00020957915788819
39,17,-0.00686689255562806,0.000320207624566846
39,18,-0.02472758132106,0.000121599154016918
39,19,-0.0442884365271481,0.000299102472935305
39,20,0.0328431540346618,0.000166969208224931
39,21,-0.0354201965842292,0.000370737316904202
39,22,-0.0289638543877238,0.000256506293213647
39,23,0.0845845396818642,0.000157617638519496
39,24,-0.0338553122398788,0.000180241267716912
39,25,-0.0136201441723138,0.000110858387183137
39,26,-0.037857712796158,0.000329742713339996
39,27,0.00800054691946771,0.000479647626522191
39,28,0.00615071499231097,0.000340839105935342
39,29,0.056501120188342,0.000528164684851126
39,30,-0.0599559057302004,0.000180653711266185
39,31,0.0409858630853298,8.07275785351907e-05
39,32,-0.13589512235487,0.000264767860932364
39,33,0.0414049894930181,0.00018468807573531
39,34,0.0161236824622363,0.000378692608523572
39,35,0.0240271459146922,0.000361861596535827
39,36,-0.0239577707168175,0.000195158117273086
39,37,0.0805629736562743,0.00027145624809398
39,38,-0.0626022139440004,0.000381878423026017
39,39,0.117067759397746,0.00040346840824089
39,40,-0.0301384648982693,0.000132715575653546
39,41,-3.51054477655073,0.00684036042791955
40,1,0.0144694861055307,4.71657990890444e-05
40,2,-0.0100699659687242,0.00111210100031647
40,3,-0.028264880402743,0.00065915948850531
40,4,-0.00516410269026002,0.000381390719949792
40,5,0.00542955236178422,0.000296318599805374
40,6,-0.0188092649312189,0.000469263989237976
40,7,-0.0189758627920905,0.000264595879915117
40,8,0.0280355407077277,0.000248580056814493
40,9,-0.000466673796041168,0.000497083307709078
40,10,0.00314864176997075,0.000257243093685962
40,11,0.0050021156672189,0.000385014257661453
40,12,0.0183866852172824,0.000416193092654329
40,13,0.00968924410152746,0.00136582297604405
40,14,-0.0214380534303798,0.000389062747975209
40,15,-0.0273673912313126,0.0006212542259017
40,16,0.00179670663573707,0.000329948034017984
40,17,0.0527333345541893,0.000518650126689994
40,18,0.0101533155402317,0.000177436122299391
40,19,-0.0254648791020349,0.000363959733280686
40,20,-0.057684707457068,0.000832067553717239
40,21,-0.00631410463734705,0.000379456953028321
40,22,-0.0878836979413856,0.000688857080410809
40,23,0.0358653247718117,0.000448001867835028
40,24,-0.0686331865357201,0.00137609050658928
40,25,0.0176716020109263,0.000402754170526463
40,26,-0.0782391424519703,0.000229576884250219
40,27,-0.0211376042631391,0.000396093552697874
40,28,-0.0952716859293103,0.000519463215994073
40,29,0.0564321607166191,0.000707618107571193
40,30,0.0100686925594329,0.000683211460542556
40,31,0.0462762516973582,0.00161266223121683
40,32,-0.0351024873758791,0.00104783039949069
40,33,0.0781072114993901,0.000184657545460601
40,34,-0.0582247006121243,0.000299958444927743
40,35,0.113020225688042,0.000223569956544065
40,36,-0.0633623390433267,0.00064512814465815
40,37,0.0694266984471493,0.000456847375365806
40,38,-0.0316326283143978,0.000835316377415016
40,39,0.0659192622295902,0.000490030047940146
40,40,-0.0619337572997394,0.000415948876908761
40,41,-3.15550664282165,0.00750866927390027
41,1,-0.00795699977642673,2.46666253623768e-05
41,2,0.00746240895507363,0.000581045317469997
41,3,0.029960350437061,0.000600310699451125
41,4,0.110732415237368,0.000360846002830126
41,5,-0.00331877211165427,0.0001220435968212
41,6,0.0187817724471701,0.000494696059849967
41,7,-4.77511626621381e-05,0.000178165714226652
41,8,0.0463165424780035,0.00046418644321066
41,9,0.032314686960843,0.000645987913779235
41,10,0.00521125848995844,0.000421525867830054
41,11,-0.00651762857237585,0.000343418738832742
41,12,-0.0726260075856364,0.00038122651647756
41,13,-0.000368558670808603,0.000286506343085173
41,14,0.0202511788447424,0.000266763164119495
41,15,-0.0551446658494087,0.000242827026218821
41,16,0.0607256444512443,0.00038184541673076
41,17,0.0197866503953889,0.000206394057545262
41,18,-0.0696914552235004,0.000329324809742056
41,19,0.0458780612701225,0.000215978327201278
41,20,0.0137772292628486,0.00056063169628035
41,21,-0.0390156445645533,0.000271883678492438
41,22,-0.123542308324605,0.000401644725437183
41,23,0.0718369116248212,0.000346460861306016
41,24,-0.0942487034033124,0.000243814857081995
41,25,0.0342312453928486,0.000188397615849111
41,26,0.0617892434021992,0.000381445579564656
41,27,0.0728589811176708,0.000301957165279905
41,28,-0.127134334364669,0.00065900015886351
41,29,0.0217653547715334,0.000417528025131472
41,30,0.0257775903092204,0.000378740947718026
41,31,0.0542986676812198,0.000271804494991877
41,32,0.00457188924278646,0.000452771389430367
41,33,0.116854360368716,0.000323835635874746
41,34,-0.0822134076381435,0.000885981294112033
41,35,0.0404797467020355,0.000247013267099456
41,36,-0.0812238765126755,0.000301464451319815
41,37,0.0102760228618318,0.000577710843807537
41,38,-0.0922660099796929,0.000517624897567442
41,39,0.0984772359350291,0.000425577702200147
41,40,-0.0929473465397558,0.000695033992472832
41,41,-3.44824379688429,0.00763317429210234
42,1,-0.0251222457791525,1.61008077105608e-05
42,2,0.00692623726838172,8.25506237989892e-05
42,3,-0.0208080553751399,0.000135674001110758
42,4,0.0432752206436921,0.000106648406311478
42,5,0.0130940274810873,9.11058978058576e-05
42,6,-0.149436175507178,0.000355008307273567
42,7,0.00245904720900343,0.000332260673686118
42,8,-0.0102947795314263,0.000180108240489993
42,9,-0.09189960339651,0.000206483211858025
42,10,0.0679205478491115,0.000151709572730436
42,11,0.0173543524064698,0.000152587143071028
42,12,0.0308894238777595,0.000126114370049912
42,13,-0.0190752939745104,0.000178344806148804
42,14,-0.112979063013048,0.000217437527246057
42,15,0.0394548654867478,0.000124817303376543
42,16,0.0584166423449856,0.000133078309875086
42,17,0.00406827548837578,9.94039206653927e-05
42,18,0.038496579987696,0.000119299674273551
42,19,-0.0947077286709409,0.00013461306584206
42,20,0.00583296131343737,0.000118710536057315
42,21,0.0373521149828572,6.13257633034574e-05
42,22,-0.0279485492898568,6.59238863728362e-05
42,23,0.0413530900486231,0.000249205816374795
42,24,-0.0367293410365021,0.000190084552834957
42,25,0.0561692903528057,0.000104862228395789
42,26,-0.0097331683696094,0.000139938793609971
42,27,0.00674636171863007,6.97404415752506e-05
42,28,-0.116057395096239,0.00019047141384273
42,29,0.0374713472922398,0.000106677340656838
42,30,-0.109316300407394,0.00012636183430497
42,31,0.0579325731555806,0.000121976234505595
42,32,-0.116195595830215,0.00018986129837743
42,33,0.0467952925165987,0.00013460185584371
42,34,0.117819183580607,0.000214627165351053
42,35,-0.0375971894058711,0.00018043297673528
42,36,-0.0185080723179028,0.000167034381868077
42,37,0.0670511352017545,0.0001986354949645
42,38,0.0127991587673483,0.000152055800198113
42,39,0.10176215949532,0.000133441617654445
42,40,-0.0542718882461619,0.000212618447519774
42,41,-3.68692052709197,0.00721126855124928
43,1,-0.0125473399425949,2.64584152134179e-05
43,2,0.00097140469455553,0.00038392750975492
43,3,0.0120790819174532,0.000384383744292992
43,4,-0.0213289817742895,0.000194970551902101
43,5,-0.0300451370525989,0.000247439926215388
43,6,-0.00972189156676317,0.000228135414345699
43,7,0.017427296027966,0.000435426286140264
43,8,-0.00642283284819486,0.000627796101054118
43,9,-0.00845122734674553,0.000208758007080934
43,10,0.0515170899963085,0.00049979383249129
43,11,0.0421238465354558,0.000358311694900428
43,12,0.0621705801308176,0.000337662396769233
43,13,-0.0272656057899077,0.000539770932380881
43,14,-0.0254147580650915,0.000372328480169612
43,15,-0.0032451361181334,9.19569796433912e-05
43,16,-0.0991718243410965,0.000411201136574722
43,17,0.0694175943055722,0.000159545367541656
43,18,0.0468418619113048,0.000375414661988235
43,19,0.0238725312680211,0.000215871751770659
43,20,-0.0931045331743707,0.000541593487638494
43,21,0.0273344252269409,0.000329555058761996
43,22,-0.0304213559582733,0.000166009401142237
43,23,0.0579982652651449,0.000168065483433631
43,24,-0.0377265871729656,0.000938396438750364
43,25,-0.03044169467867,0.000644993181896222
43,26,-0.0384124849602839,0.000185798671944915
43,27,0.0519178158172237,0.000208354426374398
43,28,-0.0301060453067029,0.000365591009501402
43,29,0.0903292114543177,0.000424440259460244
43,30,-0.0514713346390115,0.000445527709104748
43,31,0.151623404304261,0.000324760728736895
43,32,0.00133039299824373,0.000147203968868081
43,33,0.00160604792169694,0.00032276720091445
43,34,0.0164182368934561,0.000664472640060838
43,35,0.0933285872899449,0.000152258033980436
43,36,0.0214697692129332,0.000394303157467893
43,37,0.0641259644627539,0.00040187414330202
43,38,-0.00707860365879865,0.000835846241211466
43,39,0.0959419159176372,0.000356854234392087
43,40,-0.120096925959863,0.00060853451714061
43,41,-3.36986942852112,0.00731791286735421
44,1,-0.000809355801256158,1.39750690076027e-05
44,2,-0.0321122655487662,0.000125709810221227
44,3,0.0485505105088626,0.000152133327645067
44,4,-0.012648822053929,0.000362420415866544
44,5,0.0587539811352705,0.000115748359845643
44,6,-0.0303150834663381,0.000283403391042574
44,7,0.0514359901887939,0.00011910896463397
44,8,0.0184264574433382,0.000100336665495493
44,9,0.0138472394715655,0.000202121979987796
44,10,-0.062249438950192,0.000152604290417718
44,11,0.0363330717283869,0.000296590072451967
44,12,-0.00193232992840106,0.000169033062047427
44,13,-0.0161067518744456,0.000274296997610211
44,14,0.0295963004549573,6.25871761970287e-05
44,15,0.0274422798746268,0.000229551626095961
44,16,-0.0529885507124277,0.000612615728670256
44,17,0.0447248732634665,8.52849940851379e-05
44,18,0.0379454111487868,0.00041300641333028
44,19,-0.0524655748582226,6.38376704553387e-05
44,20,-0.00550704219073431,3.88918186937107e-05
44,21,-0.0101288876224345,0.000132306555605092
44,22,0.0159756667181377,0.000213542231657937
44,23,0.0171863884279227,0.000139809799651394
44,24,-0.0152992614101123,0.00028115354492297
44,25,0.0540950697942833,9.65236222562196e-05
44,26,-0.0335036551139879,0.000171977938804516
44,27,0.0510046208311943,0.00022841488518185
44,28,-0.0698798492254938,0.000150855858639555
44,29,-0.0019563084088854,0.000127774485085158
44,30,-0.0516453536231075,0.000359692762679226
44,31,-0.0971297969601613,0.000728143941593508
44,32,-0.0217763991928069,0.000177911504097478
44,33,-0.00266254056387076,0.000235986248504777
44,34,-0.0674711107920491,0.000188524113585562
44,35,0.0210194416389895,0.000177339029773537
44,36,-0.043267117063695,0.000451048550804556
44,37,0.0115172517730244,0.000103164304103071
44,38,0.0095530019032625,6.20193684099125e-05
44,39,-0.0143807053968122,0.000146936061197299
44,40,-0.106509128865938,0.000198038366555739
44,41,-3.72856268711301,0.00725964238956871
45,1,-0.0084494780794226,9.31777498894497e-05
45,2,0.0187248312576101,0.000595149271918362
45,3,-0.0199330103624857,0.000658451994844518
45,4,0.0241058844470263,0.00100166076408501
45,5,-0.00172651350358635,0.00079764652865295
45,6,-0.0319554302169943,0.00100316240762396
45,7,-0.0384520635302904,0.00175932236901656
45,8,0.015193452907736,0.00116155425461469
45,9,0.0224360213900167,0.00253181522502566
45,10,-0.00970325368995773,0.000778897790662688
45,11,0.0524854390271801,0.00169611302192981
45,12,0.0345745334696001,0.000782246034872882
45,13,0.0324821670294472,0.00102305316150998
45,14,-0.0344485992951086,0.00133068353840448
45,15,0.0186374754769672,0.000572863521090868
45,16,-0.0549810400681439,0.00160998891352856
45,17,0.0426203307122234,0.00103367448382131
45,18,0.0154735374868379,0.000801106878200601
45,19,-0.0176132789491255,0.000601771659217127
45,20,-0.00319472241254484,0.000742979214465094
45,21,0.123169193053452,0.000697598142511049
45,22,-0.169393453856124,0.00200965874843224
45,23,0.0972666514265881,0.00163833863531883
45,24,-0.0273626544382965,0.00118333883680956
45,25,0.0799034394924886,0.000904358371039964
45,26,-0.0696525279050768,0.000454371275635336
45,27,0.0370198147231031,0.000843793039486454
45,28,0.0129220855333526,0.00162068504531525
45,29,0.0137194783167132,0.000625097393794472
45,30,0.0459187980265142,0.00150713852655442
45,31,0.0721313517086013,0.00222749098507058
45,32,-0.0298732419696229,0.00111314039431386
45,33,0.08845579971534,0.000621364513379073
45,34,-0.0862352207491203,0.000380260568781854
45,35,0.0705606814917051,0.00118188106003322
45,36,0.0308180341360576,0.00129337578140341
45,37,0.0103193805545288,0.000956860959007033
45,38,-0.0508296668532347,0.000812111589503821
45,39,0.0526437480190018,0.00131229495415799
45,40,0.000163544718049118,0.0010517864664507
45,41,-2.73981184040221,0.00727405666393964
46,1,-0.000676968968106288,1.9826110711101e-05
46,2,0.0745153749987966,0.000137416349590877
46,3,-0.0459892294111661,0.000420625394728893
46,4,0.0163830343370648,0.000438079604891473
46,5,-0.021973668945589,0.000358299274066325
46,6,0.0274833417589609,0.000226288585361345
46,7,-0.00636196964936355,0.000301160647601102
46,8,-0.0597580047556332,0.000280939022585014
46,9,0.0148234904262529,0.000106115506879664
46,10,0.0347382348708073,0.000220751183537798
46,11,-0.0181223908328098,0.000225380486798255
46,12,-0.0216601105811145,0.000586432846397872
46,13,0.079382786618232,0.000221739606664055
46,14,-0.0775310307299476,0.000174949283957397
46,15,0.0489752971674117,0.000145966276109441
46,16,0.0705341812566272,0.000392734578984517
46,17,-0.059344824708185,0.000114529799740189
46,18,0.0109458177528179,0.000119406401150885
46,19,-0.0667158568447759,0.000201273460691032
46,20,0.017632571762445,0.000261189744585666
46,21,0.0364617878399653,0.000127526654588824
46,22,0.0117051862227532,0.000341763847282242
46,23,0.0609986597597203,0.000725937886949912
46,24,0.0788232985126725,0.000567604728008566
46,25,0.075244263687522,0.000222166081211398
46,26,-0.0753551103676628,0.000120112799692068
46,27,-0.0669298960683948,0.000320872393679984
46,28,-0.012035159087196,9.53394548718551e-05
46,29,-0.0214578085037704,0.000136063364881955
46,30,-0.0289222363038063,0.000180973965342894
46,31,0.0354980305794778,0.000316451312786813
46,32,-0.14638456865523,0.000670360077956469
46,33,0.0548474120175763,0.000152525280147644
46,34,-0.0359283093367573,0.000276570907013301
46,35,0.0646962909228078,0.000194995416660728
46,36,-0.0293376437926139,0.000360895916668565
46,37,0.121697783803347,0.000320332752937624
46,38,-0.0381855126809108,0.000162522530556463
46,39,0.0586749107346926,0.000150234507289978
46,40,-0.0592590619627801,0.00046944745845288
46,41,-3.57647279000381,0.00760192438053806
47,1,-0.000730212561968025,5.4926708135402e-05
47,2,0.0287186715652957,0.000510471795139144
47,3,-0.0132206014191081,0.000810178203176607
47,4,-0.0121487889560967,0.000575289000208396
47,5,-0.0148170405316204,0.000777556763546002
47,6,-0.035404942845637,0.000614889659650622
47,7,-0.00314118159401328,0.000627384929659754
47,8,-0.0408078338781467,0.000595526645763745
47,9,0.0232727639901142,0.000408261306443063
47,10,-0.0813031448717747,0.000371087166737071
47,11,-0.0120048345560219,0.000794071837793898
47,12,-0.00730313785205314,0.000435124000414516
47,13,-0.026253581348605,0.000592966687704024
47,14,-0.00783898283690472,0.000847350792390221
47,15,-0.0107913377051177,0.00124552089032177
47,16,0.0876619680139523,0.000818742134796056
47,17,-0.0394400825130599,0.000437033470172148
47,18,0.0473641101464559,0.00100064253560981
47,19,0.00121557650802411,0.000385286141878232
47,20,-0.0180260440194979,0.00055734878547701
47,21,0.0247210117565824,0.000563668902354866
47,22,-0.0293614126609158,0.00112239735722591
47,23,0.0465055461033373,0.000560192538067344
47,24,-0.000244993937452394,0.000417847079112622
47,25,0.0699308359053193,0.000578976115387706
47,26,0.0380199096675622,0.00106227472939587
47,27,0.0354463046117776,0.000721348281264809
47,28,-0.099324011379958,0.000591940422064654
47,29,0.0764785889353896,0.000700186655657872
47,30,-0.0614548675867669,0.000636608829311177
47,31,0.0452970758609776,0.00127668202175414
47,32,0.0240849444101128,0.000608799961474974
47,33,0.0201967304656751,0.000478041914072701
47,34,-0.101243325638657,0.000421459136663588
47,35,0.0853428721863999,0.00121761451056986
47,36,-0.0317432743383441,0.000789908149230501
47,37,0.0883347840150288,0.000332972914083531
47,38,-0.0049969645346429,0.000469766793075591
47,39,0.1066978595206,0.0010542672829225
47,40,-0.101707053859646,0.00047674932315539
47,41,-3.01763488411509,0.00700510821631615
48,1,0.0175521321381909,4.44933126012352e-05
48,2,0.0385957382688945,0.000355323008350587
48,3,-0.0394545962978189,0.000416581468800875
48,4,-0.0218403196249744,0.000454831252510616
48,5,-0.0370792296775606,0.000479444410854948
48,6,0.00648054799531551,0.000331790415751374
48,7,0.0268764281656253,0.000614495224495956
48,8,-0.0663830998970833,0.00036125224365201
48,9,-0.0213796858332068,0.000495163006759738
48,10,0.0370545634827518,0.000715665672807731
48,11,0.0445806971508182,0.000594689938221082
48,12,0.00999118513510884,0.000343679460677815
48,13,-0.0214497882870483,0.00088660910082744
48,14,0.0237371875226046,0.000639129511979391
48,15,-0.0135041597533363,0.000597402611561714
48,16,0.03673066398373,0.000954235102393436
48,17,0.0027039313228455,0.000237847401565221
48,18,-0.0564695579209028,0.0003991094859319
48,19,0.0653303306547178,0.000662951675918983
48,20,0.0468784337317828,0.00123022145314078
48,21,0.0146478473341391,0.000455599795648742
48,22,-0.0626954064949037,0.000301769284841865
48,23,0.0289489186536741,0.000251630321026974
48,24,-0.0142635465955615,0.000318762807957487
48,25,0.0678822475867773,0.000539122096731304
48,26,-0.0654405948287513,0.000615108307713021
48,27,0.0722104237240545,0.000505559872340521
48,28,0.0524043187423065,0.000924543393971443
48,29,0.139102696909128,0.000410910874661715
48,30,-0.0506791138657181,0.000475828804250486
48,31,0.054012542065364,0.000686940336347998
48,32,-0.0439634419308186,0.000442454444269472
48,33,-0.000899984946261537,0.000446418628658284
48,34,-0.0552976734307647,0.00038083847352897
48,35,0.0708521506234285,0.000518056268591477
48,36,-0.0331982927150281,0.000848159845315419
48,37,0.0217984065369703,0.000239454332341524
48,38,-0.0823838512349963,0.00103051708277286
48,39,0.0728129906507879,0.000374904229433657
48,40,0.08197449957992,0.000912929443574809
48,41,-3.23100210581969,0.0075779136506792
49,1,-0.00399556547873839,2.78212386083675e-05
49,2,-0.0643890369603582,0.000132040469589894
49,3,0.0055805718181333,0.00017567432935298
49,4,0.0518784440373321,0.000216991063899999
49,5,0.0295787278934634,0.000185694010137056
49,6,-0.0803233943711976,0.0002318530468115
49,7,0.119594231173408,0.000421070087098821
49,8,-0.0181461012466066,0.000235860302372582
49,9,-0.0477740130736216,0.000137697500272009
49,10,0.000280337039361469,0.000385156588329947
49,11,-0.0200602992972287,0.000336588752068358
49,12,-0.0218618899986108,0.000155262348985761
49,13,-0.00318150154431083,9.4412508476082e-05
49,14,0.0360007565443619,0.000205730058429348
49,15,0.0143718213979917,0.000223607344216472
49,16,0.0163035793733667,0.000363982103507747
49,17,-0.0920141755697125,0.000549269808679763
49,18,-0.00826700099001143,0.000155485871267286
49,19,-0.024288642480035,0.000311268718654851
49,20,0.0731253807715574,0.000297592933570544
49,21,-0.011435059270474,0.000228614005953275
49,22,-0.0979032079785524,0.000248319533861846
49,23,-0.0242352244423551,0.000418554765806788
49,24,-0.105862196116736,0.000235000521564497
49,25,0.123523492171542,0.000390759552212332
49,26,-0.0385010156815926,0.000193953210020824
49,27,0.149916496097464,0.000406372463412176
49,28,0.00597936526813452,0.000207379095444721
49,29,0.0796194950535127,0.000391494594128328
49,30,0.0124393192424499,0.000272481830115248
49,31,-0.00464023775109827,0.000243422088877132
49,32,-0.0992123595585561,0.000169308874897237
49,33,0.0741112367665192,0.000305496283574822
49,34,-0.0114853236351917,0.000265690709966609
49,35,0.0883124003376906,0.000265358447450974
49,36,-0.0505089320366844,0.000114149482904533
49,37,0.0307841886397282,0.000262557352760798
49,38,-0.0141093429531648,0.000145582866616637
49,39,0.0843282970660123,0.000246936820395064
49,40,-0.000377566595325634,0.000248560013075916
49,41,-3.44980454257985,0.00725080176352046
50,1,-0.00256644609872749,9.30989828659549e-06
50,2,-0.0154519903158431,0.000177993741493415
50,3,-0.0036626380513835,0.000164195535629243
50,4,0.0389620234937662,0.000134429157997695
50,5,-0.102730224161862,0.000190898116056697
50,6,0.0207401004037829,0.000313073367087672
50,7,-0.122507846136168,0.000243712637169777
50,8,-0.0110230748651129,6.21935326915249e-05
50,9,-0.0407934269117492,9.25208371270343e-05
50,10,-0.00234568682390962,0.000205773564021391
50,11,-0.0443353021544721,0.000192291507777188
50,12,-0.0460534777349388,5.34973427069219e-05
50,13,-0.0146265120451565,0.000124957108922136
50,14,0.0289646870785963,0.000205273572524073
50,15,-0.0115744185887152,0.000237366816729763
50,16,0.0232029369874132,0.000152187578375891
50,17,0.0572300623499152,8.33641582860451e-05
50,18,0.0793353338761362,0.000295225433489334
50,19,-0.0568467391422848,0.000123072186240917
50,20,-0.0653550013049247,0.0001613786956208
50,21,0.0386896522032493,0.000287318473007948
50,22,-0.0781942964994055,0.000141611997258324
50,23,0.0385598949191663,0.00010285433995139
50,24,-0.0671049288461224,0.000153332682951638
50,25,0.029094497645001,0.000159257250378605
50,26,-0.0231511580407515,0.000141057804278504
50,27,0.114575452267013,0.000121368357441886
50,28,0.00282373451768523,0.000100645319007747
50,29,0.0042225946913088,0.000240522301017102
50,30,-0.0387911832493622,0.000209733067234405
50,31,-0.00541114285788165,4.95130502582909e-05
50,32,0.0233607286789068,0.000153773981372853
50,33,0.0231151281810705,0.000117728974489324
50,34,-0.00864138559406953,0.000116967799084677
50,35,0.095886444363257,0.000120340481291764
50,36,-0.0228319828443273,0.000104213137918977
50,37,0.021916232792429,9.8503835532117e-05
50,38,-0.0621141402195434,8.76325735204735e-05
50,39,0.0346554152179424,0.000150288629120206
50,40,-0.0726462648082893,0.000147388076252067
50,41,-3.86034859799015,0.00743579757160098
